text	pmcid	article_version	paragraph	sentence_range	rel	straininfo_si_id	straininfo_taxon	word_strain_qc	ner	word_qc_group	ontology_id	ontology_label	score_rel	ner_score	score_strain	strain_taxonomy_id	strain_taxonomy_label
Virus PBCV-1 and its antigenic mutants were grown by infection of Chlorella variabilis NC64A cells, virus ATCV-1 was grown by infection of Chlorella heliozoae SAG 3.83, and virus Osy-NE-5 was grown by infection of Chlorella variabilis Syngen 2-3, as described previously 6 . The virus purification procedure is described in detail elsewhere 35 . Briefly, 3-day-old chlorella cell lysates were treated with 1% Triton X-100 at room temperature with constant mixing for 1 h.	PMC11659582	PMC11659582.1	28	1-3	STRAIN-ORGANISM:INFECTS	350176	Chlorella	chlorella variabilis syngen 2-3	ORGANISM	chlorella	NCBITaxon:3071	Chlorella	0.5283509492874146	0.9022016525268555	0.6996750831604004	NCBITaxon:3071	Chlorella
Similarly, non-leishmanial protozoan DNA was extracted from blood specimen positive for Plasmodium species , Trypanosoma cruzi and Trypanosoma brucei , and from parasite cultures of Toxoplasma gondii RH strain (courtesy of Gary E. Ward, University of Vermont), Giardia lamblia ATCC® 30957 (courtesy of Gaetan Faubert, Institute of Parasitology, Quebec), Cryptosporidium parvum Iowa strain (courtesy of Michael Arrowood, Center for Disease Control) and Entamoeba histolytica ATCC® 30015.	PMC4855858	PMC4855858.1	15	7-8	STRAIN-ORGANISM:INFECTS	350665	Giardia intestinalis	atcc® 30957	ORGANISM	giardia lamblia	NCBITaxon:5741	Giardia duodenalis	0.5721102952957153	0.9456837475299835	0.8582074642181396	NCBITaxon:5741	Giardia duodenalis
Candida glabrata strain CBS 138 (ATCC 2001) was cultured in YPD media at 30°C and concentrated to OD 600 = 50 in 20% glycerol for infection. Fusarium oxysporum f. sp. lycopersici (obtained from the Fungal Genetics Stock Center) was cultured on oatmeal agar plates for 7–10 days at 29°C before being strained through steel wool to isolate spores. Purified spores were resuspended in 20% glycerol and stored at -80°C until infection.	PMC4411088	PMC4411088.1	46	5-7	STRAIN-ORGANISM:INFECTS	64171	Nakaseomyces glabratus	cbs 138	ORGANISM	candida glabrata	NCBITaxon:5478	Nakaseomyces glabratus	0.9995335340499878	0.7300702631473541	0.5951497554779053	NCBITaxon:5478	Nakaseomyces glabratus
The combined dataset consisted of 306 strains, representing botryosphaerialean taxa ( Aplosporellaceae = 14, Botryosphaeriaceae = 236, Melanopsaceae = 4, Phyllostictaceae = 19, Planistromellaceae = 16, Saccharataceae = 17) and two outgroup taxa, Helicosporium guianense (CBS 269.52) and Helicomyces roseus (CBS 283.51) from Tubeufiaceae . The aligned dataset comprised 1452 characters including gaps (LSU = 880, ITS = 572).	PMC9961722	PMC9961722.1	23	1-2	STRAIN-ORGANISM:INHABITS	175545	Acanthohelicospora guianensis	cbs 269.52	ORGANISM	helicosporium guianense	NCBITaxon:314172	Acanthohelicospora guianensis	0.9949001669883728	0.8621642291545868	0.800014317035675	NCBITaxon:314172	Acanthohelicospora guianensis
Methanococcus maripaludis C5 cells were a kind gift of W.B. Whitman (Georgia). Clostridium thermocellum (DSM1237) cells were obtained from DSMZ (German collection of micro-organisms and cell cultures). All E. coli cells were grown in LB-media with appropriate antibiotics at 37°C and shaking at 200 rpm.	PMC3479195	PMC3479195.1	8	1-4	STRAIN-ORGANISM:INHABITS	10383	Acetivibrio thermocellus	dsm1237	ORGANISM	clostridium thermocellum	NCBITaxon:1515	Acetivibrio thermocellus	0.9870296716690063	0.6638357043266296	0.8508371114730835	NCBITaxon:1515	Acetivibrio thermocellus
An additional isolate of the anamorph, Acrogenospora sphaerocephala ( CBS 164.76 ), further supports the current placement of the genus Farlowiella .	PMC2816966	PMC2816966.1	220	8	STRAIN-ORGANISM:INHABITS	155486	Acrogenospora carmichaeliana	cbs 164.76	ORGANISM	acrogenospora sphaerocephala	NCBITaxon:286007	Acrogenospora carmichaeliana	0.9994319081306458	0.9689777195453644	0.8689348995685577	NCBITaxon:286007	Acrogenospora carmichaeliana
Six of the 12 strains were obtained from the Deutsche Sammlung von Mikroorganismen und Zellkulturen (DSMZ) GmbH (Braunschweig, Germany), namely Ustilago maydis (DSM 4500, Ustilagomycotina, Basidiomycota), Leucosporidium scottii (DSM 4636, Pucciniomycotina, Basidiomycota), Wallemia sebi (DSM 5329, Wallemiomycotina, Basidiomycota), Taphrina deformans (DSM 4398, Taphrinomycotina, Ascomycota), Coemansia erecta (DSM 6933, Kickxellomycotina, Zoopagomycota), and Allomyces arbuscula (DSM 955, Blastocladiomycota).	PMC6247509	PMC6247509.1	42	5	STRAIN-ORGANISM:INHABITS	111975	Allomyces arbusculus	dsm 955	ORGANISM	allomyces arbuscula	NCBITaxon:64504	Allomyces arbusculus	0.9994557499885559	0.9798460006713867	0.950169175863266	NCBITaxon:64504	Allomyces arbusculus
Enterococcus faecalis (ATCC 4034), Filifactor alocis (ATCC 35896), Fusobacterium nucleatum (ATCC 25586), Gemella morbillorum (ATCC 27824), Parvimonas micra (ATCC 33270), Porphyromonas endodontalis (ATCC 35406), Porphyromonas gingivalis (ATCC 33277), Prevotella intermedia (ATCC 25611), Prevotella nigrescens (ATCC 33536), Prevotella tannerae (ATCC 51259), Tannerella forsythia (ATCC 43037), Treponema denticola (ATCC 35405), and Treponema socranskii (ATCC 35536).	PMC4053619	PMC4053619.1	26	1	STRAIN-ORGANISM:INHABITS	46354	Alloprevotella tannerae	atcc 51259	ORGANISM	prevotella tannerae	NCBITaxon:76122	Alloprevotella tannerae	0.9997867941856384	0.6848337650299072	0.8662121593952179	NCBITaxon:76122	Alloprevotella tannerae
The reference dermatophyte strains, including Trichophyton tonsurans CBS 118.65, Trichophyton rubrum CBS 120358, Trichophyton interdigitale CBS 124408, Microsporum canis CBS 11348, Chrysosporium keratinophilum CBS 104.62, Chrysosporium queenslandicum CBS 280.77, Chrysosporium pannicola CBS 116.63, and Chrysosporium tropicum CBS 171.62 from Westerdijk Fungal Biodiversity Institute (formerly CBS-KNAW Collections), the Netherlands, were used in this study.	PMC12525150	PMC12525150.1	27	1	STRAIN-ORGANISM:INHABITS	74382	Aphanoascus verrucosus	cbs 171.62	ORGANISM	chrysosporium tropicum	NCBITaxon:180776	Aphanoascus verrucosus	0.9418684244155884	0.9049538671970367	0.7975364327430725	NCBITaxon:180776	Aphanoascus verrucosus
GenBank accession numbers: Trichosporon loubieri ( AB001759 ), Trichosporon dulcitum ( AB001755 ), Trichosporon gracile ( AB001756 ), Trichosporon multisporum ( AB001764 ), Cryptococcus fragicola ( AB035588 ), Trichosporon ovoides ( AB001765 ), Bullera formosensis ( AB072235 ), Kockovaella calophylli ( AB042222 ), Trichosporon loubieri strain ATCC MYA-26 ( AY101607 ), T richosporon loubieri strain CBS 7065 ( AF444438 ), Trichosporon mycotoxinivorans ( AJ601389 ), Trichosporon multisporum strain CBS2495 ( AF414695 ), Trichosporon gracile strain CBS 8519 ( AF444456 ), Trichosporonales sp. LM117 ( EF060484 ), Trichosporon otae ( AB180196 ), Cryptococcus laurentii strain WM 601 ( EF568051 ), Cryptococcus curvatus strain ATCC 10567 ( EU266558 ).	PMC3859043	PMC3859043.1	13	3	STRAIN-ORGANISM:INHABITS	179292	Apiotrichum gracile	cbs 8519	ORGANISM	trichosporon gracile	NCBITaxon:82516	Apiotrichum gracile	0.9998859167098999	0.9795742630958557	0.7808271646499634	NCBITaxon:82516	Apiotrichum gracile
Trichosporon porosum ) JCM 1458 T . However, genomes of the two isolates differ slightly in terms of mean G+C contents (DSM 27194: 59.10% and JCM 1458 T : 58.52%) and number of unique proteins which stand at 621 in DSM 27194 and 705 in JCM 1458 T .	PMC6389497	PMC6389497.1	8	3-4	STRAIN-ORGANISM:INHABITS	63182	Apiotrichum porosum	jcm 1458	ORGANISM	trichosporon porosum	NCBITaxon:105984	Apiotrichum porosum	0.9997498393058777	0.9164121747016907	0.9238960146903992	NCBITaxon:105984	Apiotrichum porosum
Furthermore, Lombard et al. (2014b) synonymised the genus Heliscus , based on the type species H. lugdunensis , under the genus Neonectria . In this study, CBS 257.54 (= F. penicillioides ) clustered with the ex-type strain (CBS 394.62) of Heliscus submersus in a well-supported clade (BS = 100, PP = 1.0) sister to the clade representing the genus Gliocladiopsis . Therefore, new combinations are required to accommodate these fungi in the genus Aquanectria with A. penicillioides as type.	PMC4779799	PMC4779799.1	19	3-5	STRAIN-ORGANISM:INHABITS	162698	Aquanectria submersa	cbs 394.62	ORGANISM	heliscus submersus	NCBITaxon:859442	Aquanectria submersa	0.9998952150344849	0.8057364225387573	0.8775665163993835	NCBITaxon:859442	Aquanectria submersa
A set of fungal isolates described as belonging to Aspergillus section Fumigati was obtained from Centraalbureau voor Schimmelcultures (CBS): the pathogenic moulds Aspergillus fumigatiaffinis (CBS 117186), Aspergillus lentulus (CBS 116880, 117180, 117182, and 117885), Aspergillus viridinutans (CBS 121595), Neosartorya fischeri (CBS 316.89), Neosartorya hiratsukae (CBS 124073), Neosartorya pseudofischeri (CBS 208.92 and 110899), and Neosartorya udagawae (CBS 114217), and two non-pathogenic moulds Aspergillus novofumigatus (CBS 117519) and Aspergillus unilateralis (CBS 126.56).	PMC3438126	PMC3438126.1	15	1	STRAIN-ORGANISM:INHABITS	165634	Aspergillus thermomutatus	cbs 208.92	ORGANISM	neosartorya pseudofischeri	NCBITaxon:41047	Aspergillus thermomutatus	0.9999141693115234	0.859520435333252	0.6697644889354706	NCBITaxon:41047	Aspergillus thermomutatus
A second group of fungal strains of the section Fumigati was obtained from Centraalbureau voor Schimmelcultures (CBS): pathogenic moulds including Aspergillus fumigatiaffinis (CBS 117186), Aspergillus lentulus (CBS 116880 and CBS 117180), Neosartorya hiratsukae (CBS 124073), Neosartorya pseudofischeri (CBS 208.92), and Neosartorya udagawae (CBS 114217), and two non-pathogenic moulds of section Fumigati, Aspergillus novofumigatus (CBS 117519) and Aspergillus unilateralis (CBS 126.56).	PMC3102036	PMC3102036.1	16	4	STRAIN-ORGANISM:INHABITS	165634	Aspergillus thermomutatus	cbs 208.92	ORGANISM	neosartorya pseudofischeri	NCBITaxon:41047	Aspergillus thermomutatus	0.997977077960968	0.8897280097007751	0.7330044806003571	NCBITaxon:41047	Aspergillus thermomutatus
This study demonstrates that the compounds H1 and H2 obtained from the fungus Drechslera rostrata (DSM 62596) and Eurotium tonophilum (ATCC 16440) have significant antitumor properties, as evaluated by performing MTT assay to check the % cell viability against HCT-116 (colon carcinoma), HeLa (cervical carcinoma), HEp-2 (larynx carcinoma) and HepG-2 (hepatocellular carcinoma) cells.	PMC6111196	PMC6111196.1	34	1	STRAIN-ORGANISM:INHABITS	63433	Aspergillus tonophilus	atcc 16440	ORGANISM	eurotium tonophilum	NCBITaxon:1697446	Aspergillus tonophilus	0.9996756315231323	0.9389819502830505	0.8870061039924622	NCBITaxon:1697446	Aspergillus tonophilus
The sequence for SQS from Aurantiochytrium limacinum SR21 (ATCC-MYA-1381) (previously known as Schizochytrium limacinum ) was selected for further analysis (NCBI ID: DQ464066.2 , UniProtKB id: ABE97915.1 ).	PMC8955342	PMC8955342.1	13	3	STRAIN-ORGANISM:INHABITS	204073	Aurantiochytrium limacinum	atcc-mya-1381	ORGANISM	schizochytrium limacinum	NCBITaxon:87102	Aurantiochytrium limacinum	0.9999200105667114	0.9591495394706726	0.7539210617542267	NCBITaxon:87102	Aurantiochytrium limacinum
Upon EFSA's request for information, the identity of FCC‐3204 at species level was addressed by the applicant based on the comparison of the genome sequence of FCC‐1324, which is the parent strain of FCC‐3204, with the genome sequence of the type strain Aurantiochytrium limacinum ATCC MYA‐1381 (equivalent to Schizochytrium limacinum ATCC MYA‐1381).	PMC7815983	PMC7815983.1	19	1	STRAIN-ORGANISM:INHABITS	204073	Aurantiochytrium limacinum	atcc mya-1381	ORGANISM	schizochytrium limacinum	NCBITaxon:87102	Aurantiochytrium limacinum	0.9277242422103882	0.8212708234786987	0.8130165338516235	NCBITaxon:87102	Aurantiochytrium limacinum
Group 1 contained the ex-neotype strain of A. pullulans var. pullulans ( CBS 584.75 ), its supposed teleomorph Discosphaerina (Columnosphaeria) fagi , the ex-type strain of Kabatiella lini ( CBS 125.21 ), the ex-type strain of Dematoidium nigrescens Stautz ( CBS 146.30 ), the ex-type strain of A. pullulans var. aubasidani ( CBS 100524 ), and a strain of Kabatiella microsticta ( CBS 342.66 ).	PMC2610310	PMC2610310.1	17	10	STRAIN-ORGANISM:INHABITS	75586	Aureobasidium lini	cbs 125.21	ORGANISM	kabatiella lini	NCBITaxon:1836197	Aureobasidium lini	0.9996366500854492	0.7958941459655762	0.6287994980812073	NCBITaxon:1836197	Aureobasidium lini
In her revision of the genus, Hermanides-Nijhof ( 1977 ) neotypified Dematium pullulans De Bary ( 1884 ) with CBS 584.75 , thus establishing A. pullulans as the oldest name for the type species of Aureobasidium . The genus was circumscribed using criteria of conidiogenesis, i.e. , synchronous holoblastic conidium production. This feature is also known in sporodochial Kabatiella species forming defined leaf spots on specific host plants.	PMC2610310	PMC2610310.1	63	4-6	STRAIN-ORGANISM:INHABITS	169729	Aureobasidium pullulans	cbs 584.75	ORGANISM	dematium pullulans	NCBITaxon:5580	Aureobasidium pullulans	0.8912444114685059	0.6986911594867706	0.645216166973114	NCBITaxon:5580	Aureobasidium pullulans
Specimen examined. CBS 186.87 ex-type strain of Mucor grandis .	PMC3734965	PMC3734965.1	106	1-2	STRAIN-ORGANISM:INHABITS	155433	Backusella grandis	cbs 186.87	ORGANISM	mucor grandis	NCBITaxon:1196532	Backusella grandis	0.9999277591705322	0.9476175904273987	0.9151797890663147	NCBITaxon:1196532	Backusella grandis
The holotype of Th. basicola was described with ascomata developing on roots of Senecio elegans in association with Thielaviopsis basicola , measuring 80–170 μm diam, containing fusiform ascospores 9–12 × 5–6.5 μm ( fide Booth, 1961 , von Arx, 1975 ). It is clear that the morphology and ecology of CBS 178.82 fits that of the holotype of Th. basicola quite well. To stabilize the use of the species name, we propose the specimen CBS H-18808 from the strain CBS 178.82 as the neotype of Th. basicola .	PMC6816082	PMC6816082.1	38	10-12	STRAIN-ORGANISM:INHABITS	80361	Berkeleyomyces basicola	cbs 178.82	ORGANISM	thielaviopsis basicola	NCBITaxon:124036	Berkeleyomyces basicola	0.7725306153297424	0.8973021507263184	0.9647597670555115	NCBITaxon:124036	Berkeleyomyces basicola
Wild type Yarrowia lipolytica strain YB-392 was obtained from the ARS Culture (NRRL) Collection. The Arxula adeninivorans type strain (ATCC 76597), wild type Kluyveromyces lactis (ATCC 8585, NRRL Y-1140), wild type Pichia pastoris (ATCC 76273, NRRL Y-11430) and Saccharomyces cerevisiae (ATCC 204508, S288C) were obtained from ATCC.	PMC4507847	PMC4507847.1	17	1-2	STRAIN-ORGANISM:INHABITS	65592	Blastobotrys adeninivorans	atcc 76597	ORGANISM	arxula adeninivorans	NCBITaxon:409370	Blastobotrys adeninivorans	0.9990321397781372	0.9537909030914307	0.9126419126987457	NCBITaxon:409370	Blastobotrys adeninivorans
These include the four newly strains described here: Ea . parva UAMH130, Ea . crescens UAMH4076, P . hystricis UAMH7299 and H . griseus UAMH5409, as well as the following: three Blastomyces dermatitidis (ATCC26199, ATCC18188, ER-3), one Blastomyces gilchristii ( SLH14081 ), one Emmonsia parva (UAMH139), one Emmonsia crescens (UAMH3008), two Histoplasma (WU24, G186AR), five Paracoccidioides (Pb01, Pb03, Pb18, PbCnh, Pb300), two Coccidioides (RS, Silveira), Uncinocarpus reesii (UAMH1704), Microsporum gypseum (CBS118893), Trichophyton rubrum (CBS118892), Aspergillus nidulans (FGSC A4), A . flavus (NRRL3357) and A . fumigatus (Af293).	PMC5852033	PMC5852033.1	31	3	STRAIN-ORGANISM:INHABITS	265201	Blastomyces parvus	uamh139	ORGANISM	emmonsia parva	NCBITaxon:2060905	Blastomyces parvus	0.9998875856399536	0.861513763666153	0.9396674633026123	NCBITaxon:2060905	Blastomyces parvus
From among yeasts, Pichia kudriavzevii (Pk), Brettanomyces bruxellensis culture CBS:2796 (Bb), and Dekkera bruxellensis strain ATCC 200341 (Db) were selected, while from among bacteria, Acetobacter papayae VTH-AH49 (Ap), Komagataeibacter xylinus strain XJL-02-1 (Kx), and Komagataeibacter saccharivorans strain C6 (Ks) were selected.	PMC11130685	PMC11130685.1	28	2	STRAIN-ORGANISM:INHABITS	299413	Brettanomyces bruxellensis	atcc 200341	ORGANISM	dekkera bruxellensis	NCBITaxon:5007	Brettanomyces bruxellensis	0.7292788624763489	0.8632562756538391	0.8590071797370911	NCBITaxon:5007	Brettanomyces bruxellensis
Notes : This species was recently recombined in the genus Lasionectriopsis as L. spinosa ( Lechat et al . 2019 ). Sequences of the ex-type culture of Cephalosporium spinosum (CBS 136.33; GenBank: HE608637 , HE608655 ) generated by Giraldo et al. (2012) and cited by Lechat et al . (2019) are identical to the culture CBS 784.69 that clustered within the Lasionectriopsis pteridii clade ( Lechat et al . 2019 ).	PMC11182610	PMC11182610.1	1088	1-5	STRAIN-ORGANISM:INHABITS	107263	Bulbithecium spinosum	cbs 136.33	ORGANISM	cephalosporium spinosum	NCBITaxon:1036766	Bulbithecium spinosum	0.9997108578681946	0.9399443864822388	0.7179909646511078	NCBITaxon:1036766	Bulbithecium spinosum
The following microbes were used in the experiment: methicillin-resistant Staphylococcus aureus ( MRSA ) (clinical strain), beta-lactamase-producing Escherichia coli (clinical strain), Candida auris (DSM 21092), Candida albicans fluconazole-resistant (ATCC 10231), Trichophyton rubrum , and Trichophyton mentagrophytes (ATCC 9533).	PMC9416722	PMC9416722.1	19	1	STRAIN-ORGANISM:INHABITS	400386	Candidozyma auris	dsm 21092	ORGANISM	candida auris	NCBITaxon:498019	Candidozyma auris	0.9862311482429504	0.8676885962486267	0.8953649401664734	NCBITaxon:498019	Candidozyma auris
Notes : No type specimen has been designated for this taxon. Xu et al. (2010) used sequences from CBS cultures CBS 321.68, CBS 276.69, and CBS 126.13 identified as Sclerotium rhizodes to determine their phylogenetic placement. All three CBS-derived sequences were recovered in a clade closely related to sequences variously identified as Ceratobasidium and Rhizoctonia . Xu et al. (2010) then transferred S. rhizodes to Ceratorhiza with no neotype designated.	PMC12308286	PMC12308286.1	323	1-4	STRAIN-ORGANISM:INHABITS	151537	Ceratorhiza rhizodes	cbs 126.13	ORGANISM	sclerotium rhizodes	NCBITaxon:2082608	Ceratorhiza rhizodes	0.9998722076416016	0.8960438072681427	0.9020764827728271	NCBITaxon:2082608	Ceratorhiza rhizodes
The remaining ingroup can be devided into a Sphaerulina clade (100 %, 51 strains including the basal strain of Sph. abeliceae , CBS 128591 ) and main Septoria clade (80 %, 259 strains) with, positioned in between smaller groups comprised of “ Septoria ” cruciatae ( CBS 123747 , 123748 ), a small pseudocercosporella-like clade comprising Passalora fusimaculans (CPC 17277), a clade with Passalora depressa (CPC 14915), “Mycosphaerella” brassicicola and affiliated taxa with Pseudocercosporella asexual morphs (100 %, 9 strains), and a miscellaneous clade containing “ Passalora ” sp. (100 %, CBS 113989 , 113999 , 114275 ), Passalora dioscoreae (CPC 10855, 11513), Pseudocercosporella magnusiana ( CBS 114735 ), Passalora janseana ( CBS 145.37 ), “ Septoria erigerontis ” (CPC 19485), and a Cercospora clade (100 %, 4 strains).	PMC3713889	PMC3713889.1	18	1	STRAIN-ORGANISM:INHABITS	152599	Cercospora janseana	cbs 145.37	ORGANISM	passalora janseana	NCBITaxon:706553	Cercospora janseana	0.9994986057281494	0.7076774537563324	0.8031022846698761	NCBITaxon:706553	Cercospora janseana
Our new data show that the clade is dominated by Arctic environmental sequences from Tara Oceans and Arctic isolates, including Pavlovales CCMP2436, Baffinella CCMP2293, the pelagophyte CCMP209, and Chaetoceros neogracile RCC1993, which is a diatom isolated from the Beaufort Sea, consistent with at least six within Arctic eukaryote HGT events.	PMC9756366	PMC9756366.1	20	7	STRAIN-ORGANISM:INHABITS	210888	Chaetoceros	ccmp209	ORGANISM	chaetoceros	NCBITaxon:49237	Chaetoceros	0.9011839628219604	0.8437374234199524	0.9132584929466248	NCBITaxon:49237	Chaetoceros
We expressed MysDs from Nostoc sp. PA-18-2419 (Y–S) and Nostoc sp. NIES-4103 (Y–S), Calothrix elsteri CCALA 953 (A–S) and Calothrix sp. PCC 6303 (A–S), Chamaesiphon polymorphus CCALA 037 (M–S) and Chamaesiphon minutus PCC 6605 (M–S) in SC.L26 and all of them produce predominantly porphyra-334, suggesting a relationship between S in the second residue and porphyra-334 product specificity with the exception of L–S ( Figures 4 B, S23–S28 ).	PMC11983340	PMC11983340.1	21	5	STRAIN-ORGANISM:INHABITS	38844	Chamaesiphon	pcc 6605	ORGANISM	chamaesiphon	NCBITaxon:217161	Chamaesiphon	0.7270256280899048	0.6557213664054871	0.6125407814979553	NCBITaxon:217161	Chamaesiphon
Notes : Similar to the cultures of Chlamydocillium guttulatum , C. lolii based on culture CBS 214.70, also originally labelled as Acremonium curvulum , forms a separate lineage ( Fig. 3 ). Morphologically, C. lolii differs from C. acaciae in its longer conidiophores, phialides and conidia (conidiophores: up to 98.5 μm long vs up to 39 μm long; phialides: 37–70 μm vs 11–31 μm long; conidia: 3.5–11.9 × 1.5–2.9 μm vs 3.4–8.9 × 1.4–2.1 μm) .	PMC11182610	PMC11182610.1	1369	1-2	STRAIN-ORGANISM:INHABITS	162121	Chlamydocillium curvulum	cbs 214.70	ORGANISM	acremonium curvulum	NCBITaxon:687987	Chlamydocillium curvulum	0.9813822507858276	0.6630669236183167	0.8042588829994202	NCBITaxon:687987	Chlamydocillium curvulum
Clade VII (98 % BS) clustered two separate monophyletic lineages, one of them included the ex-type strain of Acremonium restrictum CBS 178.40 and six isolates from different origins, and the other one contained two isolates of A. collariferum including the ex-type CBS 124586. Clade VIII, IX and X represented the genera Stachylidium, Brunneomyces and Lectera , respectively, each one fully supported (100 % BS). Clade XI was the biggest clade, representing the genus Verticillium with 10 accepted species.	PMC6276054	PMC6276054.1	13	18-20	STRAIN-ORGANISM:INHABITS	74245	Chlamydosporiella restricta	cbs 178.40	ORGANISM	acremonium restrictum	NCBITaxon:461124	Chlamydosporiella restricta	0.9723359942436218	0.9271534979343414	0.8390492796897888	NCBITaxon:461124	Chlamydosporiella restricta
Chrysochromulina sp. NIES-1333 showed a very different mitochondrial structure from other haptophyte strains described above. The Chrysochromulina sp. NIES-1333 genome (34,291 bp) has two small intergenic repeats of 1624 bp and 1630 bp, and missing a large, complex repeated sequence array.	PMC8283788	PMC8283788.1	44	6-7	STRAIN-ORGANISM:INHABITS	357948	Chrysochromulina	sp. nies-1333	ORGANISM	chrysochromulina	NCBITaxon:35140	Chrysochromulina	0.9410068988800049	0.7686108946800232	0.8726328015327454	NCBITaxon:35140	Chrysochromulina
For example, rpl14 and rps19 were found only in Pavlovales (Pavlovophyceae). The rps14 was absent from Chrysochromulina sp. NIES-1333 (Prymnesiales) and Pavlomulina ranunculiformis NIES-3900, the rps3 was absent from Chrysochromulina sp. NIES-1333 (Prymnesiales), Pavlovales, Haptophyta sp. isolate H2 and P. ranunculiformis NIES-3900. The nad9 was found only in P. ranunculiformis NIES-3900.	PMC8283788	PMC8283788.1	27	4-6	STRAIN-ORGANISM:INHABITS	357948	Chrysochromulina	sp. nies-1333	ORGANISM	chrysochromulina	NCBITaxon:35140	Chrysochromulina	0.999626636505127	0.8035479784011841	0.8513545989990234	NCBITaxon:35140	Chrysochromulina
For example, rpl14 and rps19 were found only in Pavlovales (Pavlovophyceae). The rps14 was absent from Chrysochromulina sp. NIES-1333 (Prymnesiales) and Pavlomulina ranunculiformis NIES-3900, the rps3 was absent from Chrysochromulina sp. NIES-1333 (Prymnesiales), Pavlovales, Haptophyta sp. isolate H2 and P. ranunculiformis NIES-3900. The nad9 was found only in P. ranunculiformis NIES-3900.	PMC8283788	PMC8283788.1	27	4-6	STRAIN-ORGANISM:INHABITS	357948	Chrysochromulina	sp. nies-1333	ORGANISM	chrysochromulina	NCBITaxon:35140	Chrysochromulina	0.9941003918647766	0.7957350015640259	0.850328803062439	NCBITaxon:35140	Chrysochromulina
The corresponding phylogenetic trees were rebuilt with inclusion of representative sequences (if available) from more algal taxa ( Pyrodinium bahamense pbaha01, Gambierdiscus australes CAWD149, Goniomonas Pacifica CCMP1869, Togula jolla CCCM725, Pleurochrysis carterae CCMP645, Ceratium fusus PA161109 ) that were generated from the Marine Microbial Eukaryote Transcriptome Sequencing Project ( Keeling et al., 2014 ).	PMC4878875	PMC4878875.1	35	2	STRAIN-ORGANISM:INHABITS	211363	Chrysotila carterae	ccmp645	ORGANISM	pleurochrysis carterae	NCBITaxon:13221	Chrysotila carterae	0.999552309513092	0.9506358206272125	0.8733276128768921	NCBITaxon:13221	Chrysotila carterae
The strains used as controls were Candida glabrata (ATCC MYA 2950), Candida lusitaniae (ATCC 34449), Candida utilis (ATCC 9950), Geotrichum capitatum (ATCC 28576), Kloeckera apis (ATCC 32857), Prototheca wickerhamii (ATCC 16529), and Trichosporon mucoide (ATCC 204094) 7 .	PMC4804554	PMC4804554.1	12	1	STRAIN-ORGANISM:INHABITS	63399	Clavispora lusitaniae	atcc 34449	ORGANISM	candida lusitaniae	NCBITaxon:36911	Clavispora lusitaniae	0.9997230172157288	0.947996973991394	0.9141440391540527	NCBITaxon:36911	Clavispora lusitaniae
95 conserved proteins (Additional file 2 : Table S2) from Saccharomyces cerevisiae S288c were retrieved using YGD, CGD and BLASTn for the following organisms: Saccharomyces cerevisiae S288c , Candida albicans SC-5314 , Candida dubliniensis CD-36 , Candida glabrata CBS 138 ,,Candida isolate 6684 , Candida tropicalis MYA-3404 , Candida lusitaniae ATCC 42720 , Candida gulliermondii ATCC 6260 , Candida orthopsilosis Co-90–125 , Ashbya_gossypii and Histoplasma capsulatum.	PMC4562351	PMC4562351.1	37	1	STRAIN-ORGANISM:INHABITS	256118	Clavispora lusitaniae	atcc 42720	ORGANISM	candida lusitaniae	NCBITaxon:36911	Clavispora lusitaniae	0.9874235987663269	0.9267046451568604	0.800828218460083	NCBITaxon:36911	Clavispora lusitaniae
Using TEM, Gärtner and Ingolić ( 1993 ) and later Tschaikner et al. ( 2007b ) showed a very similar liberation of daughter cells/autospores from an autosporangium from C. terrestris (strain N29 and strain SWK3:53 respectively, ex S. terrestris ). Similar observations were made by PunČochářová and Kalina ( 1981 ) and Kaufnerová and Eliáš ( 2013 ) in C. rubescens CCALA 475, Uzunov et al. ( 2008 ) in C. aeroterrestrica , and Kawasaki et al. ( 2019 ) in C. astaxanthina and Coelastrella sp. SAG 2123.	PMC7496060	PMC7496060.1	56	1-2	STRAIN-ORGANISM:INHABITS	353594	Coelastrella	sp. sag 2123	ORGANISM	coelastrella	NCBITaxon:75800	Coelastrella	0.9993904829025269	0.769702136516571	0.6745502352714539	NCBITaxon:75800	Coelastrella
The most diverse microbiome of the genus Coleofasciculus was found in the WW12 culture (DSM 104231) [ 10 ], and 36 of the 40 MAGs in this culture probably represent new species ( Supplementary Table S1 ).	PMC13043013	PMC13043013.1	20	3	STRAIN-ORGANISM:INHABITS	283074	Coleofasciculus	dsm 104231	ORGANISM	coleofasciculus	NCBITaxon:669368	Coleofasciculus	0.9998775720596313	0.818146824836731	0.9033802449703217	NCBITaxon:669368	Coleofasciculus
To gain insight into the metabolism of diatoms we have selected cultures from a widest systematic range of diatom lineages ever sampled: Amphitetras antediluviana , Biddulphia biddulphiana , Cerataulina daemon , Chaetoceros simplex , Eunotogramma sp ., Hemiaulus sinensis , Leptocylindrus danicus , Rhizosolenia setigera , Thalassionema frauenfeldii , Thalassiosira pseudonana (two strains CCMP1007 and CCMP1335) and Thalassiosira weissflogii (two strains CCMP1587 and CCMP1336) and studied their metabolome under nitrogen-rich and nitrogen-limiting conditions.	PMC4595471	PMC4595471.1	5	5	STRAIN-ORGANISM:INHABITS	211678	Conticribra weissflogii	ccmp1336	ORGANISM	thalassiosira weissflogii	NCBITaxon:1577725	Conticribra weissflogii	0.9994207620620728	0.9541432857513428	0.9670809507369995	NCBITaxon:1577725	Conticribra weissflogii
To gain insight into the metabolism of diatoms we have selected cultures from a widest systematic range of diatom lineages ever sampled: Amphitetras antediluviana , Biddulphia biddulphiana , Cerataulina daemon , Chaetoceros simplex , Eunotogramma sp ., Hemiaulus sinensis , Leptocylindrus danicus , Rhizosolenia setigera , Thalassionema frauenfeldii , Thalassiosira pseudonana (two strains CCMP1007 and CCMP1335) and Thalassiosira weissflogii (two strains CCMP1587 and CCMP1336) and studied their metabolome under nitrogen-rich and nitrogen-limiting conditions.	PMC4595471	PMC4595471.1	5	5	STRAIN-ORGANISM:INHABITS	212090	Conticribra weissflogii	ccmp1587	ORGANISM	thalassiosira weissflogii	NCBITaxon:1577725	Conticribra weissflogii	0.998504638671875	0.9541432857513428	0.9538492560386658	NCBITaxon:1577725	Conticribra weissflogii
Isolate CBS 177.39, listed as Coprinus quadrifidus , was obtained from The CBS Fungal Biodiversity Centre and its internal transcribed spacer region (S1 Text in S1 File ) confirmed the isolate as Coprinopsis strossmayeri , showing 99.69% identity to C . strossmayeri isolate PK7630 (accession number MH752456.1 ). The fungus was maintained on potato dextrose agar (potato dextrose broth 24 g/L, agar 15 g/L) at 20°C.	PMC7135263	PMC7135263.1	6	1-2	STRAIN-ORGANISM:INHABITS	152568	Coprinopsis variegata	cbs 177.39	ORGANISM	coprinus quadrifidus	NCBITaxon:104335	Coprinopsis variegata	0.9975751042366028	0.9797730445861816	0.8565191328525543	NCBITaxon:104335	Coprinopsis variegata
The other strains used were Komagataella phaffii X-33 (formerly Pichia pastoris, ThermoFisher Scientific, Waltham, MA, USA); Scheffersomyces stipitis CBS 6054 (CBS Fungal Biodiversity Centre, Utrecht, The Netherlands); Zygosaccharomyces bailii ATCC 8766 and Zygosaccharomyces parabailii ATCC 60483 (ATCC Virginia, Manassas, VA, USA); Rhodosporidium toruloides DSM 4444, Rhodotorula glutinis DSM 10134, Cryptococcus curvatus DSM 70022, and Aureobasidium pullulans DSM P268 from DSMZ (German Collection of Microorganisms and Cell Cultures, GmbH, Braunschweig, Germany); and Kluyveromyces marxianus NBRC1777 (Biological Resource Center, NITE, NBRC, Tokyo, Japan).	PMC7908450	PMC7908450.1	13	2	STRAIN-ORGANISM:INHABITS	76106	Cutaneotrichosporon curvatum	dsm 70022	ORGANISM	cryptococcus curvatus	NCBITaxon:57679	Cutaneotrichosporon curvatum	0.9967648983001709	0.9512051343917847	0.7819533944129944	NCBITaxon:57679	Cutaneotrichosporon curvatum
Yeast strains Cutaneotrichosporon oleaginosus (ATCC 20509), Cryptococcus curvatus (CBS 5324) and Rhodosporidium toruloides (NP11) were maintained on yeast peptone dextrose (YPD) agar (20 g/L peptone, 10 g/L yeast extract, 20 g/L glucose, 20 g/L agar) at 4 °C for short-term storage.	PMC7378118	PMC7378118.1	14	1	STRAIN-ORGANISM:INHABITS	77033	Cutaneotrichosporon curvatum	cbs 5324	ORGANISM	cryptococcus curvatus	NCBITaxon:57679	Cutaneotrichosporon curvatum	0.9991186261177063	0.803274005651474	0.8457548916339874	NCBITaxon:57679	Cutaneotrichosporon curvatum
GenBank accession numbers: Trichosporon loubieri ( AB001759 ), Trichosporon dulcitum ( AB001755 ), Trichosporon gracile ( AB001756 ), Trichosporon multisporum ( AB001764 ), Cryptococcus fragicola ( AB035588 ), Trichosporon ovoides ( AB001765 ), Bullera formosensis ( AB072235 ), Kockovaella calophylli ( AB042222 ), Trichosporon loubieri strain ATCC MYA-26 ( AY101607 ), T richosporon loubieri strain CBS 7065 ( AF444438 ), Trichosporon mycotoxinivorans ( AJ601389 ), Trichosporon multisporum strain CBS2495 ( AF414695 ), Trichosporon gracile strain CBS 8519 ( AF444456 ), Trichosporonales sp. LM117 ( EF060484 ), Trichosporon otae ( AB180196 ), Cryptococcus laurentii strain WM 601 ( EF568051 ), Cryptococcus curvatus strain ATCC 10567 ( EU266558 ).	PMC3859043	PMC3859043.1	13	3	STRAIN-ORGANISM:INHABITS	361285	Cutaneotrichosporon curvatum	atcc 10567	ORGANISM	cryptococcus curvatus	NCBITaxon:57679	Cutaneotrichosporon curvatum	0.9950273633003235	0.9853182733058929	0.8169922232627869	NCBITaxon:57679	Cutaneotrichosporon curvatum
Also revertants were characterized for their modified FA spectrum [ 81 ] and growth on whey permeate [ 82 ]. Fatty acid mutants were also generated by mutagenesis with EMS [ 83 ] and characterized (Table 1 ). As opposed to the description of Ochsner et al. [ 56 ] for strain Trichosporon dermatis (DSM70698), plasmid transformation into C. oleaginosus did not yield stable transformants (data not published).	PMC5657120	PMC5657120.1	47	3-5	STRAIN-ORGANISM:INHABITS	114186	Cutaneotrichosporon dermatis	dsm70698	ORGANISM	trichosporon dermatis	NCBITaxon:129132	Cutaneotrichosporon dermatis	0.8225457668304443	0.9781792759895325	0.9205853939056396	NCBITaxon:129132	Cutaneotrichosporon dermatis
The strains used as controls were Candida glabrata (ATCC MYA 2950), Candida lusitaniae (ATCC 34449), Candida utilis (ATCC 9950), Geotrichum capitatum (ATCC 28576), Kloeckera apis (ATCC 32857), Prototheca wickerhamii (ATCC 16529), and Trichosporon mucoide (ATCC 204094) 7 .	PMC4804554	PMC4804554.1	12	1	STRAIN-ORGANISM:INHABITS	34650	Cyberlindnera jadinii	atcc 9950	ORGANISM	candida utilis	NCBITaxon:4903	Williopsis jadinii	0.9998948574066162	0.9655289947986603	0.8635408282279968	NCBITaxon:4903	Williopsis jadinii
Poria placenta (strains AM 36 and AM 38), Inonotus radiatus (AM 70), Armillaria mellea (strains AM 296 and AM 461), Laetiporus sulphureus (strains AM 498 and AM 515) and Pholiota aurivella (AM 522) were obtained from the collection of Wrocław University of Environmental and Life Sciences (Wrocław, Poland). Pycnoporus cinnabarinus (DSM 3022), Pycnoporus cinnabarinus (DSM 15225), Pleurotus sapidus (DSM 8266) and Agrocybe aegerita (DSM 22459) were purchased from DSMZ GmbH collection (Braunschweig, Germany).	PMC10784365	PMC10784365.1	15	1-2	STRAIN-ORGANISM:INHABITS	407851	Cyclocybe aegerita	dsm 22459	ORGANISM	agrocybe aegerita	NCBITaxon:1973307	Cyclocybe aegerita	0.9996498823165894	0.9895967841148376	0.9336885511875153	NCBITaxon:1973307	Cyclocybe aegerita
The species are presented according to the phylogenetic analysis presented by Kurtzman [16] : Saccharomyces pastorianus Weihenstephan 34/70, Saccharomyces cerevisiae CBS 8340 (CEN.PK 113-7D), Saccharomyces paradoxus CBS 432 (NRRL Y-17217), Saccharomyces mikatae CBS 8839, Saccharomyces uvarum CECT12600, Saccharomyces eubayanus CBS 12357, Saccharomyces servazzii CBS 4311 (NRRL Y-12661), Kazachstania lodderae CBS 2757 (NRRL Y-8280), Kazachstania exiguus CBS 1514, Kazachstania barnettii (NRRL Y-27223), Naumovozyma castellii CBS 4309 (NRRL Y-12630), Nakaseomyces glabrata CBS 138 (NRRL Y-1417), Nakaseomyces delphensis CBS 2170 (NRRL Y-2379), Nakaseomyces bacillisporus CBS 7720 (NRRL Y-17846), Nakaseomyces castellii CBS 4332 (NRRL Y-17070), Tetrapisispora blattae CBS 6284 (NRRL Y-10934), Tetrapisispora phaffii CBS 4417 (NRRL Y-8282), Tetrapisispora iriomotensis CBS 8762 (IFO 10929), Vanderwaltozyma polysporus CBS 2163 (NRRL Y-8283), Vanderwaltozyma yarrowii (NRRL Y-17763), Zygosaccharomyces bisporus CBS 702 (NRRL Y-12626), Zygosaccharomyces rouxii CBS 732 (NRRL Y-229), Zygotorulaspora florentinus CBS 746 (NRRL Y-1560), Zygotorulaspora mrakii CBS 4218 (NRRL Y-12654), Torulaspora franciscae CBS 2926 (NRRL Y-6686), Lachancea fermentati CBS 4506 (NRRL Y-7434), Lachancea thermotolerans CBS 6340 (NRRL Y-8284), Lachancea waltii CBS 6430 (NRRL Y-8285), Lachancea kluyverii UWOPS79-150, Lachancea kluyvery CBS 3082 (NRRL Y-12651), Kluyveromyces aestuarii CBS 4438 (NRRL YB-4510), Kluyveromyces nonfermentans CBS 8778 (NRRL Y-27343), Kluyveromyces wickerhamii CBS 2745 (NRRL Y-8286), Kluyveromyces lactis CBS 2359 (NRRL Y-1140), Kluyveromyces marxianus CBS 712 (NRRL Y-8281), Kluyveromyces marxianus CBS 397, Kluyveromyces marxianus CBS 2762, Kluyveromyces dobzhanskii CBS 2104 (NRRL Y-1974), Eremothecium coryli CBS 2608 (NRRL Y-12970), Eremothecium sinecaudum CBS 8199 (NRRL Y-17231).	PMC3711898	PMC3711898.1	17	2	STRAIN-ORGANISM:INHABITS	90817	Cylindricascospora bacillispora	cbs 7720	ORGANISM	nakaseomyces bacillisporus	NCBITaxon:51660	Cylindricascospora bacillispora	0.9999001026153564	0.7974138259887695	0.7256041765213013	NCBITaxon:51660	Cylindricascospora bacillispora
Hamamotoa (formerly Sporobolomyces ) singularis ATCC 24193 was obtained from the American Type Culture Collection (Manassas, Virginia, USA). Rhodotorula minuta (Rm) CBS 319 was obtained from the CBS-KNAW culture collection (Utrecht, The Netherlands). Sirobasidium magnum (Sm) JCM 6876 was obtained from the Japan Collection of Microorganisms (Ibaraki, Japan). Sterigmatomyces elviae (Se) IFO 1843 was obtained from the Institute for Fermentation (Osaka, Japan).	PMC9142197	PMC9142197.1	7	1-4	STRAIN-ORGANISM:INHABITS	64185	Cystobasidium minutum	cbs 319	ORGANISM	rhodotorula minuta	NCBITaxon:29899	Cystobasidium minutum	0.999220609664917	0.7626811265945435	0.5315704196691513	NCBITaxon:29899	Cystobasidium minutum
In particular, the reference sequences representing the relevant species used to build alignments for species identification were: for D. eres and D . foeniculina ( D. corylina strain CBS121124 and only for ACT gene D. helianthi strain AR4131), N. parvum ( Diplodia seriata strain ASJ297; or Botryosphaeria dothidea strains HL1 and HPLW1 for the tub-2 and ACT genes, respectively), Pestalotiopsis sp. ( Sordaria alcina strain CBS 109460), Phomopsis sp. ( Valsa japonica isolate CBS375.29) and Trametes versicolor ( Grifola frondosa isolate WC835) ( Table 3 ).	PMC9147037	PMC9147037.1	44	1	STRAIN-ORGANISM:INHABITS	159078	Cytospora japonica	cbs375.29	ORGANISM	valsa japonica	NCBITaxon:1928367	Cytospora japonica	0.9998817443847656	0.9397155940532684	0.6592092514038086	NCBITaxon:1928367	Cytospora japonica
For this study, the ITS were sequenced for Cytospora sp. CR200, Cytospora cincta ATCC 32673, Cytospora chrysosperma ATCC 56609, Cytospora leucostoma ATCC 42549 (deposited as Leucostoma persoonii ), Cytospora rhizophorae ATCC 38475, and Cytospora sacchari ATCC 32322 and assigned the following GenBank accessions: DQ996039-DQ996044 .	PMC2365685	PMC2365685.1	16	1	STRAIN-ORGANISM:INHABITS	256255	Cytospora leucostoma	cytospora leucostoma atcc 42549	ORGANISM	leucostoma persoonii	NCBITaxon:1230097	Cytospora leucostoma	0.9996498823165894	0.9314501881599426	0.8438295722007751	NCBITaxon:1230097	Cytospora leucostoma
The amino acid sequences were downloaded from the NCBI database ( https://www.ncbi.nlm.nih.gov/ ) for the HMGR enzymes of the following organisms: P. mevalonii ( WP_016714288 ), Arabidopsis thaliana ( NP_177775 ), D. melanogaster ( NP_732900 ), H. sapiens ( XP_011541659 ), Mus musculus ( NP_001347095 ), Rattus norvegicus ( NP_037266 ), U. maydis 521 ( XP_011389590 ), S. pombe ( NP_588235 ), Y. lipolytica CLIB122 ( XP_503558 ), C. auris ( XP_028890531 ), C. haemulonii ( XP_025340375.1 ) , C. lusitaniae ATCC 42,720 ( XP_002615608 ), M. guilliermondii ATCC 6260 ( XP_001482757 ), D. hansenii CBS767 (also called Candida famata ) ( XP_458872 ), C. parapsilosis ( KAF6043359 ), C. orthopsilosis Co 90–125 ( XP_003868277 ), C. tropicalis MYA-3404 ( XP_002550050 ), C. albicans SC5314 ( XP_713636 ), C. dubliniensis CD36 ( XP_002417024 ), C. kefyr ( QGN16198 ), K. lactis NRRL Y-1140 ( XP_451740 ), C. glabrata CBS138 ( XP_449268 ), S. cerevisiae S288c HMG1( NP_013636 ) and S. cerevisiae 2288c HMG2 ( NP_013555 ) 31 .	PMC8531335	PMC8531335.1	38	1	STRAIN-ORGANISM:INHABITS	45698	Debaryomyces hansenii	cbs767	ORGANISM	candida famata	NCBITaxon:4959	Debaryomyces hansenii	0.9998096823692322	0.8914440274238586	0.8008382320404053	NCBITaxon:4959	Debaryomyces hansenii
Axenic cultures of M. aeruginosa PCC 7806 and M. aeruginosa PCC 7005 were obtained from the Pasteur Culture Collection of Cyanobacteria (PCC), Paris, France. The green alga, D. subspicatus SAG 86.81 (formerly Scenedesmus subspicatus ), was provided by the SAG Culture Collection of Algae (Sammlung von Algenkulturen), University of Göttingen, Germany.	PMC6732120	PMC6732120.1	10	1-2	STRAIN-ORGANISM:INHABITS	346272	Desmodesmus subspicatus	d. subspicatus sag 86.81	ORGANISM	scenedesmus subspicatus	NCBITaxon:104105	Desmodesmus subspicatus	0.9983354210853577	0.9012852311134338	0.815667062997818	NCBITaxon:104105	Desmodesmus subspicatus
Notes : The representative isolate of Phoma macrostoma var. incolorata (CBS 223.69) was genetically identical, and ecologically and morphologically highly similar to the representative isolates of P. macrostoma var. macrostoma (CBS 482.95, CBS 529.66). Phoma macrostoma var. incolorata only differs from the type variety in lacking hyphal pigmentation and having a negative reaction in NaOH ( de Gruyter et al. 2002 ), which may be related to the production of cholesterol ( Rajak & Rai 1983 ).	PMC4774273	PMC4774273.1	454	1-2	STRAIN-ORGANISM:INHABITS	162891	Didymella macrostoma	cbs 223.69	ORGANISM	phoma macrostoma var. incolorata	NCBITaxon:73002	Didymella macrostoma	0.9644556045532227	0.8997809489568075	0.7483560740947723	NCBITaxon:73002	Didymella macrostoma
Labyrinthulomycetes receive a moderate support values (BS = 70%, PP = 0.90) and appeared divided into three major groups: (1) labyrinthulida+thraustochytrida, (2) a group comprising thraustochytrida + Amphifilidae ( Amphifila marina and several freshwater environmental sequences) and (3) the group formed by Archerella flavum and Amphitrema wrightianum together with other related taxa: Diplophrys sp. ATCC50360( AF304465 ), and several environmental sequences, including PR3_4E_52 ( GQ330589 ) from a peat bog, 528-O7 ( EF586082 ) from freshwater, plus fourteen sequences from anoxic/micro-oxic deep-sea environment.	PMC3544814	PMC3544814.1	11	5	STRAIN-ORGANISM:INHABITS	351104	Diplophrys	sp. atcc50360	ORGANISM	diplophrys	NCBITaxon:138668	Diplophrys	0.9996730089187622	0.6657506823539734	0.7547457814216614	NCBITaxon:138668	Diplophrys
Notes : In the original description of Phyllosticta draconis , the ellipsoidal conidia are cited as 7 × 3 μm ( Cooke 1890 ). However, de Gruyter et al. (1998) described a representative culture of Phoma draconis (CBS 186.83), whose conidia measure 4–8.5 × 2–4 μm, which agrees with the holotype. CBS 186.83 clustered in the Epicoccum clade in Fig. 1 , and thus we treat this taxon as a new combination in the genus Epicoccum , E. draconis .	PMC4774273	PMC4774273.1	298	1-3	STRAIN-ORGANISM:INHABITS	154427	Epicoccum draconis	cbs 186.83	ORGANISM	phoma draconis	NCBITaxon:749830	Epicoccum draconis	0.8766607642173767	0.8633778095245361	0.82322558760643	NCBITaxon:749830	Epicoccum draconis
Notes : The strain CBS 181.80 was previously identified as Phoma sorghina (currently E . sorghinum ) by Aveskamp et al. (2009) . However, it is phylogenetically different from that species. Epicoccum catenisporum is morphologically characterised by the production of pycnidia as observed in several other members of Epicoccum .	PMC5725287	PMC5725287.1	115	1-3	STRAIN-ORGANISM:INHABITS	155136	Epicoccum sorghinum	cbs 181.80	ORGANISM	phoma sorghina	NCBITaxon:749593	Epicoccum sorghinum	0.9894295334815979	0.829528272151947	0.9503543376922607	NCBITaxon:749593	Epicoccum sorghinum
The neotype strain, CBS 158.58 , is also the ex-type strain of Exophiala castellanii ( de Hoog et al. 2000 ).	PMC3390897	PMC3390897.1	3629	6	STRAIN-ORGANISM:INHABITS	74400	Exophiala mansonii	cbs 158.58	ORGANISM	exophiala castellanii	NCBITaxon:91922	Exophiala mansonii	0.9993650317192078	0.9501688778400421	0.912706047296524	NCBITaxon:91922	Exophiala mansonii
Alcorn No. 77162 (BRIP 12270); Warwick, on Hordeum vulgare , 22 June 2009, K. Stephen (BRIP 52639). – C uba , Ciudad de la Habana, Santiago de las Vegas, on plant debris from forest soil, 10 Feb. 1993, R.F. Castañeda-Ruiz (culture ex-isotype of E. antillanum CBS 412.93). – G uatemala , on seed of Zea mays , Feb. 1972, unknown collector , No. Ep1 (authentic mating type ‘minus’ of Setosphaeria prolata CBS 572.73). – I ndia , Poona, from soil, unknown date, P.G.	PMC6344813	PMC6344813.1	121	43-47	STRAIN-ORGANISM:INHABITS	169061	Exserohilum prolatum	cbs 572.73	ORGANISM	setosphaeria prolata	NCBITaxon:39953	Exserohilum prolatum	0.7181004285812378	0.8619657754898071	0.7389446496963501	NCBITaxon:39953	Exserohilum prolatum
Our previous attempt to identify the metabolite biosynthesized by Nps1 was unsuccessful, and phenotypic characterization of nps1 mutants failed to link Nps1 to iron metabolism (Oide et al., 2007 ). Much earlier work described a siderophore named malonichrome that is produced by a Fusarium roseum strain (ATCC 12822) (Emery, 1980 ).	PMC4290682	PMC4290682.1	7	2-3	STRAIN-ORGANISM:INHABITS	121312	Fusarium sambucinum	atcc 12822	ORGANISM	fusarium roseum	NCBITaxon:5128	Fusarium sambucinum	0.8081429600715637	0.9450757503509521	0.9194559454917908	NCBITaxon:5128	Fusarium sambucinum
27 Quantitative Genomic DNAs were obtained from American Type Culture Collection (ATCC) (Manassas, VA USA), ZeptoMetrix (Buffalo, NY), and Waterborne (New Orleans, LA) including E. coli O157:H7 (ATCC 43895), Enteroaggregative E. coli (ATCC 23501), Enteropathogenic E. coli (ATCC 43887), Enterotoxigenic E. coli (ETEC) lt/st (ATCC 35401), Shiga-like toxin producing E. coli (STEC) stx1/stx2 (ATCC BAA-2196, ATCC 43895), Plesiomonas shigelloides (ATCC 14029), Vibrio parahaemolyticus (ATCC 17802), Vibrio vulnificus (ATCC 27562), Helicobacter pylori (ATCC 700392), Listeria spp. (ATCC 19111), Vibrio cholerae (ATCC 14035), C. difficile Toxin A/B (ATCC 9689), Salmonella spp. (ATCC 700623), Shigella /Enteroinvasive E. coli (ATCC 29930), Yersinia enterocolitica (ATCC 9610), Campylobacter jejuni (ATCC BAA-1234), Campylobacter upsaliensis (ATCC 43954), Giardia lamblia (ATCC 30957), Cryptosporodium spp. (Waterborne P102C), Entamoeba histolytica (ATCC 30459), Cyclospora cayetanensis (Zeptometrix control), Norovirus GI/GII (Zeptometrix control), Rotavirus A (ATCC VR-2104), Adenovirus F 40/41 (ATTC VR-930/931), Astrovirus (ATCC VR-3238SD), Sapovirus (I, II, IV, V) (Zeptometrix control), Candida spp. (ATCC 10231).	PMC6798489	PMC6798489.1	8	1	STRAIN-ORGANISM:INHABITS	350665	Giardia intestinalis	atcc 30957	ORGANISM	giardia lamblia	NCBITaxon:5741	Giardia duodenalis	0.9998780488967896	0.9179591536521912	0.8875117599964142	NCBITaxon:5741	Giardia duodenalis
Clade I (80 % BS) was formed by the genus Gibellulopsis , which encompassed three main subclades and two single branches. The first subclade (94 % BS) included the ex-type strains of Cephalosporium serrae CBS 290.30, Gibellulopsis piscis CBS 892.70 and Verticillium amaranthi CBS 387.35, in addition to 22 isolates from different origins (soil, plants, fungi and animals).	PMC6276054	PMC6276054.1	13	1-2	STRAIN-ORGANISM:INHABITS	120318	Gibellulopsis serrae	cbs 892.70	ORGANISM	gibellulopsis piscis	NCBITaxon:461146	Gibellulopsis serrae	0.9974787831306458	0.9474577009677887	0.8509020805358887	NCBITaxon:461146	Gibellulopsis serrae
National Collection of Yeast Cultures (NCYC) identified PI12 as an isolate of Glaciozyma antarctica based on 26S rDNA D1/D2 sequencing result where it displayed 99% sequence identity to Glaciozyma antarctica strain CBS 5942 [formerly known as Leucosporidium antarcticum strain CBS 5942 ( AF444529 )]. Phylogenetic tree analysis was created based on comparison of ITS sequence of this strain with the closest strains that are available in the database with reference to BLAST result ( Figure 3 ).	PMC4100274	PMC4100274.1	22	4-5	STRAIN-ORGANISM:INHABITS	65659	Glaciozyma antarctica	glaciozyma antarctica cbs 5942	ORGANISM	leucosporidium antarcticum	NCBITaxon:105987	Glaciozyma antarctica	0.8113025426864624	0.8072048723697662	0.831873208284378	NCBITaxon:105987	Glaciozyma antarctica
The ZEA-bound form of the Carotenoid-Binding Protein from Bombyx mori (termed BmCBP; residues 68–297 of Uniprot Q8MYA9 ) and the ECH-bound form of the Orange Carotenoid Protein 2 from Gloeocapsa sp. PCC 7428 (OCP2; residues 1–318 of Uniprot K9XH36) were obtained as electrophoretically homogeneous preparations in previous works 40 , 49 . In the final form, all proteins had His-tags cleaved off.	PMC11009388	PMC11009388.1	36	1-2	STRAIN-ORGANISM:INHABITS	39384	Gloeocapsa	sp. pcc 7428	ORGANISM	gloeocapsa	NCBITaxon:102231	Gloeocapsa	0.7254541516304016	0.8052235245704651	0.6045712828636169	NCBITaxon:102231	Gloeocapsa
Our analysis revealed that Gloeocapsa sp. BRSZ was most closely related (98.85%) to Gloeocapsa sp. PCC7428 (GenBank accession number CP003646 .1 ).	PMC11636366	PMC11636366.1	3	6	STRAIN-ORGANISM:INHABITS	39384	Gloeocapsa	sp. pcc7428	ORGANISM	gloeocapsa	NCBITaxon:102231	Gloeocapsa	0.9779887795448303	0.7667331695556641	0.7151966691017151	NCBITaxon:102231	Gloeocapsa
Another anomaly within the genus Heterocapsa was the identity of “ Gymnodinium sp.” CCMP 424, that showed species-level identity to Heterocapsa niei strain CS-36. The COI barcode of strain CS-36 showed it belonged to a Symbiodinium group [11] . However, Heterocapsa was one of the genera for which COI barcode amplification failed, so comparisons to known Heterocapsa species was not possible.	PMC3420951	PMC3420951.1	20	1-3	STRAIN-ORGANISM:INHABITS	210719	Gymnodinium	ccmp 424	ORGANISM	gymnodinium	NCBITaxon:2955	Gymnodinium	0.9997612833976746	0.8231782913208008	0.8410791456699371	NCBITaxon:2955	Gymnodinium
Based on a blastn search of NCBIs GenBank nucleotide database, the closest hit using the LSU sequence is Nigrosabulum globosum (currently H. globosa , culture CBS 268.91; GenBank MH873934.1 ; Identity = 99.36%), and the closest hit using the ITS sequence is also Nigrosabulum globosum (currently H. globosa , culture CBS 416.73; GenBank MH860723.1 , Identity = 94.17%).	PMC11182610	PMC11182610.1	1188	1	STRAIN-ORGANISM:INHABITS	165224	Hapsidospora globosa	cbs 268.91	ORGANISM	nigrosabulum globosum	NCBITaxon:95328	Hapsidospora globosa	0.9968396425247192	0.812911868095398	0.83230921626091	NCBITaxon:95328	Hapsidospora globosa
Ea . parva UAMH130 is from the lungs of a rodent in the USA, and Ea . crescens UAMH4076 is from a greenhouse source in Canada, and mated with Ea . crescens UAMH129, 349 22 . In addition, the first strictly non-pathogenic non-dimorphic species from the Ajellomycetaceae, one strain of Helicocarpus griseus (UAMH5409; a.k.a. Spiromastix grisea ) and Polytolypa hystricis (UAMH7299) were selected for whole genome sequencing. Genomic DNA was isolated from mycelial phase at 22 °C.	PMC5852033	PMC5852033.1	27	3-6	STRAIN-ORGANISM:INHABITS	155518	Helicocarpus griseus	uamh5409	ORGANISM	spiromastix grisea	NCBITaxon:121128	Helicocarpus griseus	0.9951889514923096	0.9823492765426636	0.9724388718605042	NCBITaxon:121128	Helicocarpus griseus
The species are presented according to the phylogenetic analysis presented by Kurtzman [16] : Saccharomyces pastorianus Weihenstephan 34/70, Saccharomyces cerevisiae CBS 8340 (CEN.PK 113-7D), Saccharomyces paradoxus CBS 432 (NRRL Y-17217), Saccharomyces mikatae CBS 8839, Saccharomyces uvarum CECT12600, Saccharomyces eubayanus CBS 12357, Saccharomyces servazzii CBS 4311 (NRRL Y-12661), Kazachstania lodderae CBS 2757 (NRRL Y-8280), Kazachstania exiguus CBS 1514, Kazachstania barnettii (NRRL Y-27223), Naumovozyma castellii CBS 4309 (NRRL Y-12630), Nakaseomyces glabrata CBS 138 (NRRL Y-1417), Nakaseomyces delphensis CBS 2170 (NRRL Y-2379), Nakaseomyces bacillisporus CBS 7720 (NRRL Y-17846), Nakaseomyces castellii CBS 4332 (NRRL Y-17070), Tetrapisispora blattae CBS 6284 (NRRL Y-10934), Tetrapisispora phaffii CBS 4417 (NRRL Y-8282), Tetrapisispora iriomotensis CBS 8762 (IFO 10929), Vanderwaltozyma polysporus CBS 2163 (NRRL Y-8283), Vanderwaltozyma yarrowii (NRRL Y-17763), Zygosaccharomyces bisporus CBS 702 (NRRL Y-12626), Zygosaccharomyces rouxii CBS 732 (NRRL Y-229), Zygotorulaspora florentinus CBS 746 (NRRL Y-1560), Zygotorulaspora mrakii CBS 4218 (NRRL Y-12654), Torulaspora franciscae CBS 2926 (NRRL Y-6686), Lachancea fermentati CBS 4506 (NRRL Y-7434), Lachancea thermotolerans CBS 6340 (NRRL Y-8284), Lachancea waltii CBS 6430 (NRRL Y-8285), Lachancea kluyverii UWOPS79-150, Lachancea kluyvery CBS 3082 (NRRL Y-12651), Kluyveromyces aestuarii CBS 4438 (NRRL YB-4510), Kluyveromyces nonfermentans CBS 8778 (NRRL Y-27343), Kluyveromyces wickerhamii CBS 2745 (NRRL Y-8286), Kluyveromyces lactis CBS 2359 (NRRL Y-1140), Kluyveromyces marxianus CBS 712 (NRRL Y-8281), Kluyveromyces marxianus CBS 397, Kluyveromyces marxianus CBS 2762, Kluyveromyces dobzhanskii CBS 2104 (NRRL Y-1974), Eremothecium coryli CBS 2608 (NRRL Y-12970), Eremothecium sinecaudum CBS 8199 (NRRL Y-17231).	PMC3711898	PMC3711898.1	17	2	STRAIN-ORGANISM:INHABITS	77455	Henningerozyma blattae	cbs 6284	ORGANISM	tetrapisispora blattae	NCBITaxon:1071379	Henningerozyma blattae	0.9999158382415771	0.909499317407608	0.6829110980033875	NCBITaxon:1071379	Henningerozyma blattae
Material examined : Australia , Victoria, Field Naturalists Reserve Ocean Grove, on Acacia pycnantha ( Fabaceae ) phyllode, unknown collection date, J. Withers, isolated by H.J. Swart in Aug. 1972 ( isotype of Monochaetia lutea CBS H-7353, ex-isotype culture CBS 349.73 = ATCC 26926 = IMI 168736).	PMC6298422	PMC6298422.1	204	1-4	STRAIN-ORGANISM:INHABITS	124990	Heterotruncatella lutea	cbs 349.73	ORGANISM	monochaetia lutea	NCBITaxon:2502053	Heterotruncatella lutea	0.9028668403625488	0.7502498030662537	0.9603414237499237	NCBITaxon:2502053	Heterotruncatella lutea
Typus : France , Hills of Vauville, sandy soil, collection date unknown, J. Duche ( holotype CBS H-7449, culture ex-type CBS 239.32, type culture of Spicaria carnea ).	PMC7426330	PMC7426330.1	33	1-2	STRAIN-ORGANISM:INHABITS	64914	Keithomyces carneus	cbs 239.32	ORGANISM	spicaria carnea	NCBITaxon:2741558	Keithomyces carneus	0.6913671493530273	0.934970498085022	0.9482976496219635	NCBITaxon:2741558	Keithomyces carneus
Reference strains of Candida albicans (ATCC 64548), Nakaseomyces glabratus (ATCC 90030), Candida krusei (ATCC 6258), Candida tropicalis (ATCC 750), Candida parapsilosis (ATCC 22019), Candida dubliniensis (ATCC MYA-646), and Candida kefyr (ATCC 38296) were obtained from the American Type Culture Collection (ATCC, Manassas, VA, USA).	PMC13298145	PMC13298145.1	8	1	STRAIN-ORGANISM:INHABITS	255086	Kluyveromyces marxianus	atcc 38296	ORGANISM	candida kefyr	NCBITaxon:4911	Kluyveromyces marxianus	0.9999134540557861	0.910508394241333	0.893880307674408	NCBITaxon:4911	Kluyveromyces marxianus
In this example, we used a commercial genome sequencing service to sequence a yeast strain constructed from Komagataella phaffii strain CBS7435 (this species was formerly called Pichia pastoris ). Two high-quality reference genome sequences are available for CBS7435 ( Sturmberger et al. 2016 ; Love et al. 2016 ). Our raw data consisted of 11.1 million paired-end reads of 150 bp each.	PMC6404606	PMC6404606.1	52	1-3	STRAIN-ORGANISM:INHABITS	90480	Komagataella pastoris	cbs7435	ORGANISM	pichia pastoris	NCBITaxon:4922	Komagataella pastoris	0.999616265296936	0.8201879858970642	0.708855926990509	NCBITaxon:4922	Komagataella pastoris
Wild type Yarrowia lipolytica strain YB-392 was obtained from the ARS Culture (NRRL) Collection. The Arxula adeninivorans type strain (ATCC 76597), wild type Kluyveromyces lactis (ATCC 8585, NRRL Y-1140), wild type Pichia pastoris (ATCC 76273, NRRL Y-11430) and Saccharomyces cerevisiae (ATCC 204508, S288C) were obtained from ATCC.	PMC4507847	PMC4507847.1	17	1-2	STRAIN-ORGANISM:INHABITS	90480	Komagataella pastoris	atcc 76273	ORGANISM	pichia pastoris	NCBITaxon:4922	Komagataella pastoris	0.9998579025268555	0.9759396910667419	0.924802154302597	NCBITaxon:4922	Komagataella pastoris
Pichia pastoris wild‐type strain CBS7435 (NRRL‐ Y11430 ) was used in this study.	PMC9437885	PMC9437885.1	31	1	STRAIN-ORGANISM:INHABITS	90480	Komagataella pastoris	cbs7435	ORGANISM	pichia pastoris	NCBITaxon:4922	Komagataella pastoris	0.9975225329399109	0.9425496757030487	0.795166552066803	NCBITaxon:4922	Komagataella pastoris
In order to examine the applicability of the primer set developed in the present study, the following thraustochytrid strains were obtained from the NITE Biological Resource Center (NBRC) and American Type Culture Collection (ATCC): Aplanochytrium sp. SEK603 (NBRC 110844), A. limacinum SR21 (ATCC MYA-1381), Botryochytrium radiatum SEK353 (NBRC 104107), Labyrinthula sp. AN-1565 (NBRC 33215), Oblongichytrium sp. SEK347 (NBRC 102618), Parietichytrium sarkarianum SEK351 (NBRC 104108), Schizochytrium sp. SEK210 (NBRC 102615), Sicyoidochytrium minutum MBIC11071 (NBRC 102975), Thraustochytrium aff. aureum SEK621 (NBRC 110820), and Ulkenia sp. SEK688 (NBRC 110831).	PMC6031396	PMC6031396.1	4	4	STRAIN-ORGANISM:INHABITS	125444	Labyrinthula	sp. an-1565	ORGANISM	labyrinthula	NCBITaxon:35133	Labyrinthula	0.9998756647109985	0.8502829670906067	0.8368318676948547	NCBITaxon:35133	Labyrinthula
In fact, the phylogenetic analysis showed a clear separation of all isolates into the clusters. For LSU analysis, we observed a separation in two clusters. The first group included the species Aspergillus versicolor strain G30, whereas the other comprised the species belonging to the Microascaceae family (i.e., Petriella sp., Trichurus spiralis strain CBS 635.78, Doratomyces purpureofuscus strain CBS 523.63, Scedosporium prolificans strain CBS 114.90, and Pseudallescheria africana strain CBS 311.72).	PMC5834937	PMC5834937.1	23	1-3	STRAIN-ORGANISM:INHABITS	155934	Lomentospora prolificans	cbs 114.90	ORGANISM	scedosporium prolificans	NCBITaxon:41688	Lomentospora prolificans	0.9100669622421265	0.9359922409057617	0.7382795214653015	NCBITaxon:41688	Lomentospora prolificans
The strains used as controls were Candida glabrata (ATCC MYA 2950), Candida lusitaniae (ATCC 34449), Candida utilis (ATCC 9950), Geotrichum capitatum (ATCC 28576), Kloeckera apis (ATCC 32857), Prototheca wickerhamii (ATCC 16529), and Trichosporon mucoide (ATCC 204094) 7 .	PMC4804554	PMC4804554.1	12	1	STRAIN-ORGANISM:INHABITS	171022	Magnusiomyces capitatus	atcc 28576	ORGANISM	geotrichum capitatum	NCBITaxon:1095183	Magnusiomyces capitatus	0.9997667670249939	0.9665096700191498	0.9001660346984863	NCBITaxon:1095183	Magnusiomyces capitatus
The likeliness of the findings of Pyrenochaeta romeroi ( CBS 252.60 ), Asteromella tiliae ( CBS 265.94 ) and Neottiosporina paspali ( CBS 331.37 ) in this clade was already discussed by De Gruyter et al. ( 2009 ).	PMC2836210	PMC2836210.1	37	1	STRAIN-ORGANISM:INHABITS	162918	Medicopsis romeroi	cbs 252.60	ORGANISM	pyrenochaeta romeroi	NCBITaxon:1234271	Medicopsis romeroi	0.9941800832748413	0.8450202345848083	0.7383167743682861	NCBITaxon:1234271	Medicopsis romeroi
Nannochloropsis salina strain CCMP1776 was initially isolated in 1965 from Skate Point, Scotland (55.75°N, 4.96°W), and was deposited in the Bigelow culture collection in 1997.	PMC6953503	PMC6953503.1	5	1	STRAIN-ORGANISM:INHABITS	211804	Microchloropsis salina	ccmp1776	ORGANISM	nannochloropsis salina	NCBITaxon:2511165	Microchloropsis salina	0.9998898506164551	0.9139411747455597	0.9216013550758362	NCBITaxon:2511165	Microchloropsis salina
Twelve nuclear genomes were selected for evolutionary analysis, including Vischeria sp. WL1, Vischeria sp. CAUP H4302, Vischeria stellata SAG 33.83, Vischeria sp. C74, Monodopsis sp. C141, Monodopsis sp. C73, Nannochloropsis salina CCMP1776, Nannochloropsis gaditana CCMP1894, Nannochloropsis gaditana B-31, Nannochloropsis oceanica CCMP1779, Thalassiosira oceanica CCMP1005, and Thalassiosira pseudonana CCMP 1335.	PMC12269273	PMC12269273.1	12	1	STRAIN-ORGANISM:INHABITS	211804	Microchloropsis salina	ccmp1776	ORGANISM	nannochloropsis salina	NCBITaxon:2511165	Microchloropsis salina	0.9561864137649536	0.913975864648819	0.8332973122596741	NCBITaxon:2511165	Microchloropsis salina
Relative substitution rate data were derived or taken directly from the following sources and species/strain comparisons: B. bovis C9.1 versus B. bovis T2Bo ( Smith and Keeling 2012 ); Chlamydomonas reinhardtii versus Chlamydomonas globosa SAG 7.73 (formerly called Chlamydomonas incerta SAG 7.73) ( Popescu and Lee 2007 ); Cyanophora paradoxa strain NIES-763 versus CCMP329 ( Smith, Jackson, et al. 2014 ); D. salina CCAP 19/18 versus D. salina CONC-001 ( Del Vasto et al. 2015 ); E. huxleyi CCMP373 versus E. huxleyi CCMP1516 ( Smith and Keeling 2012 ); Gephyrocapsa oceanica (dozens of geographical isolates) ( Bendif et al. 2014 ); Glaucocystis spp. (∼10 geographical isolates) ( Chong et al. 2014 ); Heterosigma akashiwo CCMP452 versus H. akashiwo NIES-293 ( Cattolico et al. 2008 ; Smith and Keeling 2012 ); land plants (27 different species) ( Drouin et al. 2008 ); Mesostigma viride strain NIES-296 versus SAG 50-1 ( Hua et al. 2012 ); Micromonas pusilla CCMP1545 versus Micromonas sp. RCC299 ( Worden et al. 2009 ) ( supplementary table S1 , Supplementary Material online); Nannochloropsis gaditana CCMP527 versus Nannochloropsis salina CCMP1776 ( Starkenburg et al. 2014 ) ( supplementary table S2 , Supplementary Material online); Ostreococcus sp. RCC809 versus Ostreococcus tauri OTTH0595 ( supplementary table S3 , Supplementary Material online); Phaeocystis antarctica CCMP1374 versus Phaeocystis globosa Pg-G(A) ( Smith, Arrigo, et al. 2014 ); P. falciparum (hundreds of geographical isolates) ( Preston et al. 2014 ); Porphyra umbilicalis UTEX LB 2951 versus Porphyra purpurea strain “Avonport” ( Smith et al. 2012 ); Pseudochattonella sp. JG8 versus Pseudochattonella farcimen UIO109 versus Pseudochattonella verruculosa NIES-670 ( Riisberg and Edvardsen 2014 ); and Symbiodinium sp. A2 versus C90 ( Pochon et al. 2014 ; Smith and Keeling 2015 ).	PMC4453064	PMC4453064.1	24	1	STRAIN-ORGANISM:INHABITS	211272	Microchloropsis salina	ccmp527	ORGANISM	nannochloropsis salina	NCBITaxon:2511165	Microchloropsis salina	0.5694860816001892	0.8248745203018188	0.9208744168281555	NCBITaxon:2511165	Microchloropsis salina
The repeat appears in 28 copies in the P. avidum genome. 26 spacers are predicted; they are specific to P. avidum . Only four show similarities to known sequences: one is similar to a sequence of the Pongo abelii chromosome UNK clone CH276-86H12 ( AC188115.1 ), one to the plasmid pAB510d of Azospirillum sp. B510 ( AP010950.1 ), and one to the gene encoding a major facilitator superfamily protein (VAB18032_27756) in Verrucosispora maris AB-18-032.	PMC3316620	PMC3316620.1	19	9-11	STRAIN-ORGANISM:INHABITS	400183	Micromonospora maris	ab-18-032	ORGANISM	verrucosispora maris	NCBITaxon:1003110	Micromonospora maris	0.9996229410171509	0.7040079832077026	0.7076276540756226	NCBITaxon:1003110	Micromonospora maris
Closest hits using the LSU sequence of CPC 38085 are Faurelina indica (strain CBS 301.78, GenBank GU180654.1 ; Identities = 903/910 (99 %), no gaps), Microsphaeropsis ononidicola (strain MFLUCC 15-0459, GenBank MG967668.1 ; Identities = 895/906 (99 %), no gaps), Coniothyrium hellebori (strain CBS 519.78, GenBank MH872934.1 ; Identities = 895/907 (99 %), no gaps), and Neoscirrhia matteucciicola (as Phoma matteuciicola ; strain CBS 259.92, GenBank GU238100.1 ; Identities = 870/877 (99 %), no gaps) – also see Fig. 1 .	PMC8165967	PMC8165967.1	216	2	STRAIN-ORGANISM:INHABITS	170456	Microsphaeropsis hellebori	cbs 519.78	ORGANISM	coniothyrium hellebori	NCBITaxon:2508559	Microsphaeropsis hellebori	0.9998655319213867	0.828641414642334	0.9675918519496918	NCBITaxon:2508559	Microsphaeropsis hellebori
A first strategy, determined by the GC content, led us to propose a subdivision of the genome. The proposed assignation of genomic regions to each subgenome was then tested and completed by a comparative analysis performed with the species Pichia farinosa CBS 2001.	PMC3284337	PMC3284337.1	15	3-4	STRAIN-ORGANISM:INHABITS	177568	Millerozyma farinosa	cbs 2001	ORGANISM	pichia farinosa	NCBITaxon:4920	Millerozyma farinosa	0.9644556045532227	0.6393782794475555	0.5896409749984741	NCBITaxon:4920	Millerozyma farinosa
Pseudozyma aphidis isolate DSM 70725 was obtained from DSMZ (German Collection of Microorganisms and Cell Cultures, Brauschweig, Germany), and isolates IHEM 18822 and CBS 517.83 were from the Fungal Biodiversity Centre (Utrecht, the Netherlands).	PMC6637909	PMC6637909.1	20	5	STRAIN-ORGANISM:INHABITS	76198	Moesziomyces aphidis	dsm 70725	ORGANISM	pseudozyma aphidis	NCBITaxon:84754	Moesziomyces aphidis	0.9977349042892456	0.8694685697555542	0.9097058773040771	NCBITaxon:84754	Moesziomyces aphidis
To extend the sampling of gdh genes from diverse eukaryotes we PCR amplified and sequenced gdh 1 genes from the diplomonads S. vortens (strain ATCC 50386) and H. inflata (strain AZ-4) and the parabasalid Monocercomonas sp. (strain NS-1PRR ATCC 50210).	PMC166173	PMC166173.1	22	1	STRAIN-ORGANISM:INHABITS	351184	Monocercomonas	ns-1prr	ORGANISM	monocercomonas	NCBITaxon:5736	Monocercomonas	0.9973269701004028	0.8403481245040894	0.9588579833507538	NCBITaxon:5736	Monocercomonas
To extend the sampling of gdh genes from diverse eukaryotes we PCR amplified and sequenced gdh 1 genes from the diplomonads S. vortens (strain ATCC 50386) and H. inflata (strain AZ-4) and the parabasalid Monocercomonas sp. (strain NS-1PRR ATCC 50210).	PMC166173	PMC166173.1	22	1	STRAIN-ORGANISM:INHABITS	351184	Monocercomonas	atcc 50210	ORGANISM	monocercomonas	NCBITaxon:5736	Monocercomonas	0.9893269538879395	0.8403481245040894	0.9418666362762451	NCBITaxon:5736	Monocercomonas
Three out of seven strains (TDL69, TDL48, RDL27) exhibited 100% similarity to Mucor circinelloides f. lusitanicus CBS 108.17 (GenBank accession number NR126127), Mucor fragilis UOA/HCPF 8239 (GenBank accession number NR131304), and Alternaria alternata ATCC 204363 (GenBank accession number NR131316), while four strains, TDL79, LDL16, TDL1, and TDL62, were 99% similar to Fusarium pseudensiforme (GenBank accession number NR119942), Fusarium keratoplasticum FRC S-2477 (GenBank accession number NR130690), Alternaria cerealis CBS 119544 (GenBank accession number NR136117), and Alternaria arborescens CBS 102605 (GenBank accession number NR077186).	PMC6834622	PMC6834622.1	19	5	STRAIN-ORGANISM:INHABITS	176964	Mucor lusitanicus	cbs 108.17	ORGANISM	mucor circinelloides f. lusitanicus	NCBITaxon:29924	Mucor lusitanicus	0.9891605973243713	0.8236415982246399	0.7581974267959595	NCBITaxon:29924	Mucor lusitanicus
Specimen examined. CBS 110662 ex-type strain of Zygorhynchus multiplex.	PMC3734965	PMC3734965.1	185	1-2	STRAIN-ORGANISM:INHABITS	145818	Mucor multiplex	cbs 110662	ORGANISM	zygorhynchus multiplex	NCBITaxon:1196578	Mucor multiplex	0.9999277591705322	0.9493876993656158	0.9399643838405609	NCBITaxon:1196578	Mucor multiplex
We downloaded 113 genomes in the class Tremellomycetes and the genome of Ustilago maydis JCM 2005 as an outgroup from the GenBank database. Single-copy orthologs were identified using BUSCO v4.0.6 ( 9 ) with the basidiomycota_odb10 data set (1,764 orthologs). In the strain N6 genome, 1,613 (91.3%) benchmarking universal single-copy ortholog (BUSCO) complete genes were detected. For each ortholog group, protein sequences were aligned using MAFFT v7.455 ( 10 ), and gaps were removed.	PMC7679087	PMC7679087.1	7	1-4	STRAIN-ORGANISM:INHABITS	63563	Mycosarcoma maydis	jcm 2005	ORGANISM	ustilago maydis	NCBITaxon:5270	Mycosarcoma maydis	0.9895108342170715	0.9769062995910645	0.7540148496627808	NCBITaxon:5270	Mycosarcoma maydis
Six of the 12 strains were obtained from the Deutsche Sammlung von Mikroorganismen und Zellkulturen (DSMZ) GmbH (Braunschweig, Germany), namely Ustilago maydis (DSM 4500, Ustilagomycotina, Basidiomycota), Leucosporidium scottii (DSM 4636, Pucciniomycotina, Basidiomycota), Wallemia sebi (DSM 5329, Wallemiomycotina, Basidiomycota), Taphrina deformans (DSM 4398, Taphrinomycotina, Ascomycota), Coemansia erecta (DSM 6933, Kickxellomycotina, Zoopagomycota), and Allomyces arbuscula (DSM 955, Blastocladiomycota).	PMC6247509	PMC6247509.1	42	5	STRAIN-ORGANISM:INHABITS	112725	Mycosarcoma maydis	dsm 4500	ORGANISM	ustilago maydis	NCBITaxon:5270	Mycosarcoma maydis	0.5814813375473022	0.9808368980884552	0.9414939880371094	NCBITaxon:5270	Mycosarcoma maydis
Genomic DNA extracted from Ustilago maydis strain DSM3121 according to the method described by Labuschagne and Albertyn ( 2007 ) served as template to PCR‐amplify the CPR (UmCPR; NCBI accession number: XM_011389981.1 ). The resultant amplicon was subcloned into pSMART HC Kan (pSMART+UmCPR) and verified by sequencing.	PMC6801163	PMC6801163.1	40	1-2	STRAIN-ORGANISM:INHABITS	77109	Mycosarcoma maydis	dsm3121	ORGANISM	ustilago maydis	NCBITaxon:5270	Mycosarcoma maydis	0.9998279809951782	0.9799265265464783	0.8760792016983032	NCBITaxon:5270	Mycosarcoma maydis
Notes : The three isolates noted above were designated as types of three different taxa by Cooney & Emerson (1964) . The ex-type culture CBS 625.91 of Torula thermophila has relatively thick vegetative hyphae, 1–7 μm wide. Its chlamydospores usually form from the swelling of the cells of superficial hyphae, appear intercalary in chains, doliiform, oblong or subglobose, (5.5–)7.5–12(–16) × (4.5–)6–9.5(–11) μm. CBS 626.91, the ex-type culture of Humicola insolens, produces similar hyphae, 1–6 μm wide.	PMC6133331	PMC6133331.1	190	1-4	STRAIN-ORGANISM:INHABITS	172414	Mycothermus thermophilus	cbs 626.91	ORGANISM	humicola insolens	NCBITaxon:85995	Mycothermus thermophilus	0.9994589686393738	0.9376031160354614	0.8567170202732086	NCBITaxon:85995	Mycothermus thermophilus
The following strains were used as representatives of fungi that can cause other systemic mycoses: Candida albicans (ATCC 90028), Candida tropicalis (ATCC 750), Candida glabrata (ATCC 90030), Candida parapsilosis (ATCC 22019), Candida krusei (ATCC 6258), Cryptococcus neoformans (ATCC 28957), Cryptococcus gattii (AFLP4), Histoplasma capsulatum (ATCC 26029), and Aspergillus fumigatus (ATCC 7100).	PMC7595607	PMC7595607.1	25	3	STRAIN-ORGANISM:INHABITS	52468	Nakaseomyces glabratus	atcc 90030	ORGANISM	candida glabrata	NCBITaxon:5478	Nakaseomyces glabratus	0.999789297580719	0.7880131006240845	0.8258265256881714	NCBITaxon:5478	Nakaseomyces glabratus
Reference strains of Candida auris (ATCC MYA-5001), Candida albicans (ATCC 10231), Candida glabrata (ATCC 15126), Candida krusei (ATCC 14243), and Candida tropicalis (ATCC 13803) were obtained from the American Type Culture Collection (ATCC, Gaithersburg, MD, USA). The fungal strain cultures were grown in YPD medium (1% yeast extract, 2% peptone, 2% dextrose), pH 5.6, and RPMI 1640 medium supplemented with L-glutamine and buffered with morpholinepropanesulfonic acid (MOPS) (Sigma-Aldrich, St.	PMC11768094	PMC11768094.1	10	1-2	STRAIN-ORGANISM:INHABITS	179053	Nakaseomyces glabratus	atcc 15126	ORGANISM	candida glabrata	NCBITaxon:5478	Nakaseomyces glabratus	0.9996911287307739	0.7215041518211365	0.8967768251895905	NCBITaxon:5478	Nakaseomyces glabratus
Reference strains of C . parapsilosis (ATCC 22019), C . orthopsilosis (ATCC 96139), C . metapsilosis (ATCC 96143), L . elongisporus (CBS 2605), Candida albicans (ATCC 90028), Candida dubliniensis (CD36), Candida tropicalis (ATCC 750), Candida glabrata (ATCC 15545), Candida nivariensis (CBS 9983), Candida bracarensis (CBS 10154), Candida krusei (ATCC 6258), and Candida haemulonii (CBS 5149) were used as reference Candida species.	PMC4651534	PMC4651534.1	6	1	STRAIN-ORGANISM:INHABITS	207811	Nakaseomyces glabratus	atcc 15545	ORGANISM	candida glabrata	NCBITaxon:5478	Nakaseomyces glabratus	0.9998681545257568	0.8059065341949463	0.8567603826522827	NCBITaxon:5478	Nakaseomyces glabratus
Panel fungi consisted of Candida albicans (ATCC 90028), Candida glabrata (ATCC MYA-2950), Candida krusei (ATCC 14243), Candida parapsilosis (ATCC 90018), and Candida tropicalis (ATCC 13803). Bacteria were cultured in tryptic soy (TS) medium except for S. pneumoniae , for which TS was supplemented with 5% human blood. Candida spp. were cultured in Sabouraud dextrose medium.	PMC4850259	PMC4850259.1	25	3-5	STRAIN-ORGANISM:INHABITS	205145	Nakaseomyces glabratus	atcc mya-2950	ORGANISM	candida glabrata	NCBITaxon:5478	Nakaseomyces glabratus	0.6087685227394104	0.9185986816883087	0.8421944677829742	NCBITaxon:5478	Nakaseomyces glabratus
In the present study, to determine the function of Cdc50, we constructed a Δcdc50 null mutant of Candida glabrata standard strain ATCC2001 via homologous recombination and a Δcdc50 + CDC50 complemented strain based on the null strain.	PMC10100066	PMC10100066.1	8	1	STRAIN-ORGANISM:INHABITS	64171	Nakaseomyces glabratus	atcc2001	ORGANISM	candida glabrata	NCBITaxon:5478	Nakaseomyces glabratus	0.8694931268692017	0.7854040265083313	0.7270175814628601	NCBITaxon:5478	Nakaseomyces glabratus
Several strains were used in the research: bacteria – Bacillus sp. (ATCC 51912), Enterobacter aerogenes (ATCC 29009), Enterococcus faecalis (ATCC 33186), Escherichia coli (ATCC 25922), Haemophilus influenzae (DSM 4690), Neisseria meningitidis (ATCC 53414), Proteus mirabilis (DSM 4479), Pseudomonas aeruginosa (DSM 13626), Serratia marcescens (DSM 50904), Staphylococcus aureus (ATCC 33497), Staphylococcus epidermidis (ATCC 35983), Staphylococcus haemolyticus (DSM 20263), Streptococcus agalactiae (DSM 2134), Streptococcus pneumoniae (ATCC 49619), Streptococcus pyogenes (DSM 20565), Streptococcus salivarius (DSM 20617), fungi – Aspergillus fumigatus (ATCC 14110), Candida albicans (ATCC 10231), Candida glabrata (DSM 11950), Candida parapsilosis (DSM 5784), Candida tropicalis (ATCC 20115).	PMC4049433	PMC4049433.1	15	1	STRAIN-ORGANISM:INHABITS	297584	Nakaseomyces glabratus	dsm 11950	ORGANISM	candida glabrata	NCBITaxon:5478	Nakaseomyces glabratus	0.9962564706802368	0.9851192831993103	0.8575836718082428	NCBITaxon:5478	Nakaseomyces glabratus
All strains of S. cerevisiae were obtained from Open Biosystems (Huntsville, AL, USA) in the haploid BY4741 background and diploid BY4743 background. Pathogenic Candida strains were obtained from American Type Culture Collection (Manassas, VA, USA) and included Candida albicans (ATCC 10231), Candida glabrata (ATCC 90030), Candida parapsilosis (ATCC 90018), and Candida tropicalis (ATCC 13803).	PMC11228861	PMC11228861.1	7	1-2	STRAIN-ORGANISM:INHABITS	52468	Nakaseomyces glabratus	atcc 90030	ORGANISM	candida glabrata	NCBITaxon:5478	Nakaseomyces glabratus	0.9998290538787842	0.6934074461460114	0.9024183452129364	NCBITaxon:5478	Nakaseomyces glabratus
Taking those facts into consideration, we prepared database, which consists of five yeast-like fungal strains: Candida albicans ATCC 10231 (CA), Candida glabrata ATCC 15545 (CG), Candida tropicalis ATCC 1369 (CT), Candida parapsilosis ATCC 34136 (CP), and Candida lustianiae ATCC 42720 (CL); two yeast strains: Saccharomyces cerevisae ATCC 4098 (SC) and Saccharomyces boulardii ATCC 74012 (SB); and two strains belonging to the Basidiomycetes: Maalasezia furfur ATCC 14521 (MF) and Cryptococcus neoformans ATCC 204092 (CN).	PMC7326179	PMC7326179.1	8	4	STRAIN-ORGANISM:INHABITS	207811	Nakaseomyces glabratus	atcc 15545	ORGANISM	candida glabrata	NCBITaxon:5478	Nakaseomyces glabratus	0.9867772459983826	0.7755538821220398	0.8342159390449524	NCBITaxon:5478	Nakaseomyces glabratus
The assayed microorganisms were Enterococcus faecalis (ATCC1299 and CI), Klebsiella pneumoniae (ATCC13883 and CI), Pseudomonas aeruginosa (48 1997 a EPM and CI), Staphylococcus aureus (ATCC BAA 44 and CI), Staphylococcus epidermidis (ATCC 14990 and CI), Candida albicans (ATCC 90028 and CI), Candida glabrata (ATCC 2001 and CI), Candida krusei (ATCC 6258 and CI), Candida parapsilosis (ATCC 22019 and CI), and Candida tropicalis (ATCC 13803 and CI).	PMC9495104	PMC9495104.1	45	2	STRAIN-ORGANISM:INHABITS	64171	Nakaseomyces glabratus	atcc 2001	ORGANISM	candida glabrata	NCBITaxon:5478	Nakaseomyces glabratus	0.9998902082443237	0.9431210458278656	0.6578116118907928	NCBITaxon:5478	Nakaseomyces glabratus
Fungal strains were stored in 15% glycerol at −80°C until use. The fungal strains used were H99 ( C. neoformans type strain) ( 55 ), cap59 Δ (an acapsular H99 mutant) ( 56 ), ATCC 90113 ( C. neoformans ), MMRL 2651 ( C. gattii ), ATCC 90028 ( Candida albicans ), ATCC 90030 ( Candida glabrata ), ATCC 22019 ( Candida parapsilosis ), and ATCC MYA 3626 ( Aspergillus fumigatus ).	PMC5786788	PMC5786788.1	26	1-2	STRAIN-ORGANISM:INHABITS	52468	Nakaseomyces glabratus	atcc 90030	ORGANISM	candida glabrata	NCBITaxon:5478	Nakaseomyces glabratus	0.9878294467926025	0.716765820980072	0.8712253868579865	NCBITaxon:5478	Nakaseomyces glabratus
Candida albicans ATCC 26555, CAI4 ( Fonzi & Irwin, 1993 ), SC5314 ( Gillum et al. , 1984 ), NGY152 (CAI4-CIp10) ( Brand et al. , 2004 ), HMY5 ( mns1 Δ-CIp10), HMY6 ( mns1 Δ-CIp10- MNS1 ) ( Mora-Montes et al. , 2007 ) and kex2 Δ null mutant ( Newport et al. , 2003 ), Candida glabrata ATCC 2001, C. glabrata kex2 Δ null mutant ( Bader et al. , 2001 ) and Saccharomyces cerevisiae X2180-1A (ATCC 26786) were used in this study.	PMC2885623	PMC2885623.1	10	1	STRAIN-ORGANISM:INHABITS	64171	Nakaseomyces glabratus	atcc 2001	ORGANISM	candida glabrata	NCBITaxon:5478	Nakaseomyces glabratus	0.998977780342102	0.8547073602676392	0.6020414233207703	NCBITaxon:5478	Nakaseomyces glabratus
The Trichophyton rubrum (isolate 13-34934613) and Trichophyton mentagrophytes (isolate 14-35867448) fungi were supplied by the National Mycology Reference centre (NMRC, Adelaide, Australia) and were maintained on V8 agar at 25 °C. Candida troplicalis (ATCC 750), Candida glabrata (ATCC 90030), Candida auris (17-470121) and Candida krusei were sourced from the NMRC (Australia). Candida albicans (ATCC MYA-2876) was a gift from Dr Ana Travern (Monash University, Victoria, Australia).	PMC10817573	PMC10817573.1	7	4-6	STRAIN-ORGANISM:INHABITS	52468	Nakaseomyces glabratus	atcc 90030	ORGANISM	candida glabrata	NCBITaxon:5478	Nakaseomyces glabratus	0.9995005130767822	0.7817443609237671	0.8061846494674683	NCBITaxon:5478	Nakaseomyces glabratus
These strains comprised of Candida albicans (ATCC 90028, ATCC 10231 and 23 clinical isolates), Candida glabrata (ATCC 90030 and 7 clinical isolates), Candida krusei (ATCC 6258 and 3 clinical isolates), Candida parapsilosis (ATCC 22019 and 5 clinical isolates), Candida tropicalis (ATCC 750 and 11 clinical isolates), Cryptococcus neoformans (ATCC 204092 and 2 clinical isolates), Aspergillus flavus (MTCC 1973, MTCC 2799 and 10 clinical isolates), Aspergillus fumigatus (MTCC 1811 and 17 clinical isolates), Aspergillus niger (ATCC 16404 and 6 clinical isolates), Aspergillus parasiticus (MTCC 2796), Epidermophyton floccosum (MTCC 613 and 1 clinical isolate), Microsporum canis (MTCC 2820 and 3 clinical isolates), Microsporum gypsium (MTCC 2819 and 2 clinical isolates), Trichophyton mentagrophytes (ATCC 9533 and 7 clinical isolates), and Trichophyton rubrum (MTCC 296 and 9 clinical isolates).	PMC2841090	PMC2841090.1	12	2	STRAIN-ORGANISM:INHABITS	52468	Nakaseomyces glabratus	atcc 90030	ORGANISM	candida glabrata	NCBITaxon:5478	Nakaseomyces glabratus	0.9989328980445862	0.7168309688568115	0.8762853741645813	NCBITaxon:5478	Nakaseomyces glabratus
Seven candidal strains, Candida albicans (ATCC 14053), Candida dubliniensis (ATCC MYA-2975), Candida glabrata (ATCC 90030), Candida krusei (ATCC 14243), Candida lusitaniae (ATCC 64125), Candida parapsilosis (ATCC 22019),d and Candida tropicalis (ATCC 13803), were purchased from the American Type Culture Collection (ATCC), USA.	PMC3703345	PMC3703345.1	9	1	STRAIN-ORGANISM:INHABITS	52468	Nakaseomyces glabratus	atcc 90030	ORGANISM	candida glabrata	NCBITaxon:5478	Nakaseomyces glabratus	0.9999145269393921	0.7539742887020111	0.8725844919681549	NCBITaxon:5478	Nakaseomyces glabratus
C. albicans ATCC MYA-90819 (strain D ), C. albicans ATCC MYA-2310 (strain E ), C. albicans ATCC MYA-1237 (strain F ), C. albicans ATCC MYA-1003 (strain G ), Candida glabrata ATCC 2001 (strain H ), Candida krusei ATCC 6258 (strain I ), Candida parapsilosis ATCC 22019 (strain J ), Aspergillus flavus ATCC MYA-3631 (strain K ), and Aspergillus terreus ATCC MYA-3633 (strain M ) were obtained from the American Type Culture Collection (ATCC; Manassas, VA, USA).	PMC5971061	PMC5971061.2	21	5	STRAIN-ORGANISM:INHABITS	64171	Nakaseomyces glabratus	atcc 2001	ORGANISM	candida glabrata	NCBITaxon:5478	Nakaseomyces glabratus	0.9803562164306641	0.8018235862255096	0.7664045095443726	NCBITaxon:5478	Nakaseomyces glabratus
Candida albicans reference strain SC5314 and Candida glabrata reference strain CBS138 were used. Candida auris strains AR0383 and AR0384 were from the CDC.	PMC7200157	PMC7200157.1	38	7-8	STRAIN-ORGANISM:INHABITS	64171	Nakaseomyces glabratus	cbs138	ORGANISM	candida glabrata	NCBITaxon:5478	Nakaseomyces glabratus	0.9997918009757996	0.9267988502979279	0.8117891550064087	NCBITaxon:5478	Nakaseomyces glabratus
Candida dubliniensis (CD 36/CBS 7987/ATCC MYA-646), C. albicans (ATCC 90028), Candida parapsilosis (ATCC 10233), Candida glabrata (ATCC 15545), Candida tropicalis (ATCC 750) and Candida krusei (CBS 6258) were used as reference Candida species.	PMC3541108	PMC3541108.1	8	1	STRAIN-ORGANISM:INHABITS	207811	Nakaseomyces glabratus	atcc 15545	ORGANISM	candida glabrata	NCBITaxon:5478	Nakaseomyces glabratus	0.999779999256134	0.9048587679862976	0.8642856180667877	NCBITaxon:5478	Nakaseomyces glabratus
The bacterial strains Staphylococcus aureus (ATCC 25923), Micrococcus luteus (ATCC 4698), Escherichia coli (ATCC 25922), and Pseudomonas. aeruginosa (ATCC 27853), as well as the fungal strains Geotrichum candidum (ATCC 34614), Aspergillus niger (ATCC 16404), Candida glabrata (ATCC 90030), Candida albicans (ATCC 10231), and Rhodotorula glutinis (ATCC 204091) were obtained from the American Type Culture Collection (ATCC, Manassas, VA, USA).	PMC12561634	PMC12561634.1	9	1	STRAIN-ORGANISM:INHABITS	52468	Nakaseomyces glabratus	atcc 90030	ORGANISM	candida glabrata	NCBITaxon:5478	Nakaseomyces glabratus	0.9971936345100403	0.9833903014659882	0.8167110681533813	NCBITaxon:5478	Nakaseomyces glabratus
Saccharomyces cerevisiae (ATCC 9763), Candida albicans (ATCC 90028), Candida albicans (SC5314), Candida glabrata (ATCC 90030), Candida glabrata (Cg003) and Candida krusei (ATCC 6258) were grown in Sabouraud broth (40 g/L D-glucose, 10 g/L peptone, pH 5.6) or YPD (10 g/L yeast extract, 20 g/L Bacto-peptone, 20 g/L glucose) medium to mid log phase, aliquoted into 20% (v/v) glycerol and cryopreserved as stocks at -80°C.	PMC5749684	PMC5749684.1	37	3	STRAIN-ORGANISM:INHABITS	52468	Nakaseomyces glabratus	atcc 90030	ORGANISM	candida glabrata	NCBITaxon:5478	Nakaseomyces glabratus	0.9346938133239746	0.7735570073127747	0.8681460916996002	NCBITaxon:5478	Nakaseomyces glabratus
Trichophyton rubrum (ATCC-28188), T. mentagrophyte (ATCC-18748) and Microsporum gypseum (ATCC-24102) obtained from Post Graduate Institute of Medical Education and Research (PGIMER) Chandigarh, were included as standard strains in the study.	PMC4320242	PMC4320242.1	11	3	STRAIN-ORGANISM:INHABITS	203092	Nannizzia gypsea	atcc-24102	ORGANISM	microsporum gypseum	NCBITaxon:63402	Nannizzia gypsea	0.9175984263420105	0.9829619824886322	0.8145255148410797	NCBITaxon:63402	Nannizzia gypsea
Out of 20 axenic Nannochloropsis strains obtained from the Provasoli-Guillard National Center for Marine Algae and Microbiota (NCMA, formerly CCMP), strains of the N. salina (CCMP369), N. gaditana (CCMP1775 and 536) and N. granulata (CCMP529), as well as two not further specified strains (CCMP1779 and CCMP531) were selected based on uniformly dispersed, robust growth in enriched artificial sea water (16 g/L marine salt content) in batch culture as well as on agar-solidified medium.	PMC3499364	PMC3499364.1	7	1	STRAIN-ORGANISM:INHABITS	211807	Nannochloropsis	ccmp1779	ORGANISM	nannochloropsis	NCBITaxon:5748	Nannochloropsis	0.9953904151916504	0.7840000987052917	0.9348751902580261	NCBITaxon:5748	Nannochloropsis
Out of 20 axenic Nannochloropsis strains obtained from the Provasoli-Guillard National Center for Marine Algae and Microbiota (NCMA, formerly CCMP), strains of the N. salina (CCMP369), N. gaditana (CCMP1775 and 536) and N. granulata (CCMP529), as well as two not further specified strains (CCMP1779 and CCMP531) were selected based on uniformly dispersed, robust growth in enriched artificial sea water (16 g/L marine salt content) in batch culture as well as on agar-solidified medium.	PMC3499364	PMC3499364.1	7	1	STRAIN-ORGANISM:INHABITS	211276	Nannochloropsis	ccmp531	ORGANISM	nannochloropsis	NCBITaxon:5748	Nannochloropsis	0.9963357448577881	0.7840000987052917	0.9363707900047302	NCBITaxon:5748	Nannochloropsis
Notes : Cannabis is the only known host of Neod. cannabis , and records of this species are mainly from countries in Eurasia and North America ( McPartland 1994 ). Initially isolates CBS 121.75 and CBS 591.67 were respectively identified as “ Didymella urticicola ” and “ D. eupyrena ”. Sequences of all four loci were identical to that of the authentic cultures of Neod. cannabis (CBS 629.76 and CBS 234.37).	PMC4774273	PMC4774273.1	878	1-3	STRAIN-ORGANISM:INHABITS	146762	Neodidymelliopsis cannabis	cbs 121.75	ORGANISM	didymella urticicola	NCBITaxon:215459	Neodidymelliopsis cannabis	0.9928923845291138	0.8939140141010284	0.8877740204334259	NCBITaxon:215459	Neodidymelliopsis cannabis
Agrobacterium tumefaciens ( AE007869 , AE007870 ), Aquifex aeolicus ( NC_000918 ), Bacillus halodurans ( NC_002570 ), Bacillus subtilis ( NC_000964 ), Brucella melitensis ( NC_003317 , NC_003318 ), Borrelia burgdorferi ( NC_001318 ), Buchnera sp. APS ( NC_002528 ), Campylobacter jejuni ( NC_002163 ), Caulobacter crescentus ( NC_002696 ), Chlamydia muridarum ( NC_002620 ), Chlamydia trachomatis ( NC_000117 ), Chlamydophila pneumoniae J138 ( NC_002491 ), Chlamydophila pneumoniae AR39 ( NC_002179 ), Clostridium acetobutylicum ( NC_003030 ), Clostridium perfringens ( NC_003366 ), Corynebacterium glutamicum ( NC_003450 ), Deinococcus radiodurans (Chromosome 1, NC_001263 ), Escherichia coli K-12 ( NC_000913 ), Escherichia coli O157:H7 EDL933 ( NC_002655 ), Fusobacterium nucleatum ( NC_003454 ), Haemophilus influenzae Rd ( NC_000907 ), Helicobacter pylori 26695 ( NC_000915 ), Helicobacter pylori J99 ( NC_000921 ), Lactococcus lactis subsp. Lactis ( NC_002662 ), Listeria innocua ( NC_003212 ), Listeria monocytogenes ( NC_003210 ), Mesorhizobium loti ( NC_002678 ), Methanopyrus kandleri ( NC_003551 ), Mycobacterium tuberculosis CDC1551 ( NC_002755 ), Mycobacterium tuberculosis H37Rv ( NC_000962 ), Mycoplasma genitalium ( NC_000908 ), Mycobacterium leprae strain TN ( NC_002677 ), Mycoplasma pneumoniae ( NC_000912 ), Mycoplasma pulmonis ( NC_002771 ), Neisseria meningitidis Z2491 ( NC_003116 ), Nostoc sp. PCC 7120 ( NC_003272 ), Oceanobacillus iheyensis ( NC_004193 ), Pasteurella multocida ( NC_002663 ), Pseudomonas aeruginosa ( NC_002516 ), Pyrobaculum aerophilum ( NC_003364 ), Ralstonia solanacearum ( NC_003295 , NC_003296 ), Rickettsia conorii ( NC_003103 ), Rickettsia prowazekii ( NC_000963 ), Salmonella enterica ( NC_003198 ), Salmonella typhimurium ( NC_003197 ), Shigella flexneri ( NC_004337 ), Sinorhizobium meliloti ( NC_003047 ), Staphylococcus aureus subsp. aureus N315 ( NC_002745 ), Staphylococcus aureus strain Mu50 ( NC_002758 ), Streptococcus agalactiae ( NC_004116 ), Streptococcus pneumoniae R6 ( NC_003098 ), Streptococcus pneumoniae TIGR4 ( NC_003038 ), Streptococcus pyogenes ( NC_002737 ), Synechocystis sp. PCC6803 ( NC_000911 ), Thermoanaerobacter tengcongensis ( NC_003896 ), Thermosynechococcus elongatus ( NC_004113 ), Thermotoga maritima ( NC_000853 ), Treponema pallidum ( NC_000919 ), Ureaplasma urealyticum ( NC_002162 ), Vibrio cholerae ( NC_002505 , NC_002506 ), Xanthomonas axonopodis ( NC_003919 ), Xanthomonas campestris ( NC_003902 ), Xylella fastidiosa ( NC_002488 ), Yersinia pestis ( NC_003143 ).	PMC394314	PMC394314.1	62	1	STRAIN-ORGANISM:INHABITS	38949	Nostoc	. pcc 7120	ORGANISM	nostoc	NCBITaxon:1177	Nostoc	0.9625324606895447	0.6546481847763062	0.6815356612205505	NCBITaxon:1177	Nostoc
Just one known predatory mixotrophic stramenopile had a sequenced chloroplast genome, the chrysophyte alga Ochromonas CCMP1393 ( Supplementary Figure S2 ) ( Sevcikova et al., 2015 ), until the recent addition of plastid genomes from four cultured dictyochophytes species D. speculum , Rhizochromulina marina , F. parvula and P. elastica ( Han et al., 2019 ). We sequenced the complete chloroplast genome of newly identified uncultivated clade DEC-IX from a wild cell.	PMC7554337	PMC7554337.1	47	1-2	STRAIN-ORGANISM:INHABITS	211696	Ochromonas	ccmp1393	ORGANISM	ochromonas	NCBITaxon:2985	Ochromonas	0.9994786381721497	0.7818737626075745	0.7540417909622192	NCBITaxon:2985	Ochromonas
The species are presented according to the phylogenetic analysis presented by Kurtzman [16] : Saccharomyces pastorianus Weihenstephan 34/70, Saccharomyces cerevisiae CBS 8340 (CEN.PK 113-7D), Saccharomyces paradoxus CBS 432 (NRRL Y-17217), Saccharomyces mikatae CBS 8839, Saccharomyces uvarum CECT12600, Saccharomyces eubayanus CBS 12357, Saccharomyces servazzii CBS 4311 (NRRL Y-12661), Kazachstania lodderae CBS 2757 (NRRL Y-8280), Kazachstania exiguus CBS 1514, Kazachstania barnettii (NRRL Y-27223), Naumovozyma castellii CBS 4309 (NRRL Y-12630), Nakaseomyces glabrata CBS 138 (NRRL Y-1417), Nakaseomyces delphensis CBS 2170 (NRRL Y-2379), Nakaseomyces bacillisporus CBS 7720 (NRRL Y-17846), Nakaseomyces castellii CBS 4332 (NRRL Y-17070), Tetrapisispora blattae CBS 6284 (NRRL Y-10934), Tetrapisispora phaffii CBS 4417 (NRRL Y-8282), Tetrapisispora iriomotensis CBS 8762 (IFO 10929), Vanderwaltozyma polysporus CBS 2163 (NRRL Y-8283), Vanderwaltozyma yarrowii (NRRL Y-17763), Zygosaccharomyces bisporus CBS 702 (NRRL Y-12626), Zygosaccharomyces rouxii CBS 732 (NRRL Y-229), Zygotorulaspora florentinus CBS 746 (NRRL Y-1560), Zygotorulaspora mrakii CBS 4218 (NRRL Y-12654), Torulaspora franciscae CBS 2926 (NRRL Y-6686), Lachancea fermentati CBS 4506 (NRRL Y-7434), Lachancea thermotolerans CBS 6340 (NRRL Y-8284), Lachancea waltii CBS 6430 (NRRL Y-8285), Lachancea kluyverii UWOPS79-150, Lachancea kluyvery CBS 3082 (NRRL Y-12651), Kluyveromyces aestuarii CBS 4438 (NRRL YB-4510), Kluyveromyces nonfermentans CBS 8778 (NRRL Y-27343), Kluyveromyces wickerhamii CBS 2745 (NRRL Y-8286), Kluyveromyces lactis CBS 2359 (NRRL Y-1140), Kluyveromyces marxianus CBS 712 (NRRL Y-8281), Kluyveromyces marxianus CBS 397, Kluyveromyces marxianus CBS 2762, Kluyveromyces dobzhanskii CBS 2104 (NRRL Y-1974), Eremothecium coryli CBS 2608 (NRRL Y-12970), Eremothecium sinecaudum CBS 8199 (NRRL Y-17231).	PMC3711898	PMC3711898.1	17	2	STRAIN-ORGANISM:INHABITS	65877	Oligophagozyma castellii	cbs 4332	ORGANISM	nakaseomyces castellii	NCBITaxon:51914	Oligophagozyma castellii	0.9999097585678101	0.7867456674575806	0.6950567960739136	NCBITaxon:51914	Oligophagozyma castellii
The genes were aligned using the online program MAFFT (MAFFT alignment and NJ/UPGMA phylogeny ( https://mafft.cbrc.jp/alignment/server/index.html ; accessed on 26 February 2022)) and manually adjusted using BioEdit 7.5.0.3. These were then linked with the Sequence Matrix. All reliable ITS and TEF sequences of Arthrobotrys taxa were downloaded from the GenBank database ( Table 1 ). Dactylellina mammillata CBS229.54 and D. yushanensis CGMCC3.19713 were selected as outgroups.	PMC10744419	PMC10744419.1	16	1-4	STRAIN-ORGANISM:INHABITS	160633	Orbilia mammillata	cbs229.54	ORGANISM	dactylellina mammillata	NCBITaxon:313360	Orbilia mammillata	0.9997498393058777	0.8684786260128021	0.7674896121025085	NCBITaxon:313360	Orbilia mammillata
For example, the pho4 gene-encoding virus OtV-2 infects Ostreococcus RCC393 ( Weynberg et al ., 2011 ), a strain that belongs to an Ostreococcus clade (OII) known to inhabit warm, oligotrophic waters where PO 4 is often depleted ( Demir-Hilton et al ., 2011 ). In contrast, the Ostreococcus viruses OtV-1 and OtV-5 do not encode pho4 and their host, O. tauri , appears to be restricted to higher nutrient systems, such as bays, lagoons and brackish waters.	PMC3429862	PMC3429862.1	7	9-10	STRAIN-ORGANISM:INHABITS	354742	Ostreococcus	rcc393	ORGANISM	ostreococcus	NCBITaxon:70447	Ostreococcus	0.7069243788719177	0.951740562915802	0.7873408198356628	NCBITaxon:70447	Ostreococcus
Future studies should aim to directly test this hypothesis through controlled laboratory experiments, examining circadian rhythms and photoperiodic responses in tropical species such as Ostreococcus sp. RCC809 and M. commoda , as well as in higher-latitude Mamiellales strains, including O. tauri and polar strains of B. prasinos .	PMC12704426	PMC12704426.1	42	4	STRAIN-ORGANISM:INHABITS	355878	Ostreococcus	sp. rcc809	ORGANISM	ostreococcus	NCBITaxon:70447	Ostreococcus	0.8611299395561218	0.9314873218536377	0.7097941040992737	NCBITaxon:70447	Ostreococcus
The 15 plant species include: Chlamydomonas reinhardtii (green alga), Ostreococcus lucimarinus , Ostreococcus tauri , Ostreococcus RCC809 , Chlorella vulgaris , Volvox carteri , Physcomitrella patens (moss), Selaginella moellendorffii (gemmiferous spikemoss), Oryza sativa (rice), Zea mays (maize), Sorghum bicolor (sorghum), Vitis vinifera (grape), Arabidopsis thaliana , Populus trichocarpa (black cottonwood), and Glycine max (soybean).	PMC3063783	PMC3063783.1	37	3	STRAIN-ORGANISM:INHABITS	355878	Ostreococcus	rcc809	ORGANISM	ostreococcus	NCBITaxon:70447	Ostreococcus	0.9993928670883179	0.8964359164237976	0.7192032337188721	NCBITaxon:70447	Ostreococcus
However, CCA1-luc_RCC809 showed abnormal phases under conditions of long days and light–dark cycles with a peak during the day (i.e. 12 h before CCA1 in O. tauri ), as well as a loss of circadian rhythms in constant light, suggesting that CCA1-luc_RCC809 is not fully functional with respect to the TOC1/CCA1 negative feedback loop ( Fig. S8B , Table S6 ). Overall, our experimental data confirm that the CCA1/TOC1 feedback loop is not functional in Ostreococcus sp. RCC809.	PMC12704426	PMC12704426.1	41	3-4	STRAIN-ORGANISM:INHABITS	355878	Ostreococcus	. rcc809	ORGANISM	ostreococcus	NCBITaxon:70447	Ostreococcus	0.9984330534934998	0.6675010919570923	0.6813116073608398	NCBITaxon:70447	Ostreococcus
However, the oceanic distribution of M. pusilla , O. tauri, O. mediterraneus, and O. lucimarinus remain less known due to the lower abundance and restriction of these species to a few locations [ 67 ]. Building upon this information, we explored variations of candidate genes in the most represented species, B. prasinos , M. commoda , and Ostreococcus sp. RCC809.	PMC12704426	PMC12704426.1	30	4-5	STRAIN-ORGANISM:INHABITS	355878	Ostreococcus	sp. rcc809	ORGANISM	ostreococcus	NCBITaxon:70447	Ostreococcus	0.9997574687004089	0.8764430284500122	0.7848949432373047	NCBITaxon:70447	Ostreococcus
We used the following proteome sequence sets: for green algae, Ostreococcus sp. RCC809 ( O. sp. RCC809) [ 67 ], Ostreococcus tauri ( O. tauri ) [ 67 ], Micromonas sp. RCC299 ( M. sp. RCC299) [ 68 ], Micromonas pusilla CCMP1545 ( M. pusilla ) [ 68 ], Coccomyxa sp. C-169 ( C. sp. C-169) [ 69 ], Chlorella vulgaris ( C. vulgaris ) [ 70 ], Volvox carteri ( V. carteri ) [ 71 ], and Chlamydomonas reinhardtii ( C. reinhardtii ) [ 72 ]; for oomycetes, Phytophthora ramorum ( P. ramorum ) [ 73 ], Phytophthora sojae ( P. sojae ) [ 73 ], Phytophthora infestans T30-4 ( P. infestans ) [ 74 ], and Phytophthora capsici ( P. capsici ) [ 75 ]; for diatom, Phaeodactylum tricornutum CCAP1055/1 ( P. tricornutum ) [ 76 ], Fragilariopsis cylindrus CCMP1102 ( F. cylindrus ), and Thalassiosira pseudonana CCMP1335 ( T. pseudonana ) [ 77 ]; for yellow algae, Aureococcus anophagefferens ( A. anophagefferens ) [ 78 ] and Ectocarpus siliculosus ( E. siliculosus ) [ 79 ]; and for red algae, Cyanidioschyzon merolae ( C. merolae ) [ 80 ], Pyropia yezoensis ( P. yezoensis ) [ 81 ], and Porphyridium purpureum ( P. purpureum ) [ 82 ].	PMC4581327	PMC4581327.1	26	1	STRAIN-ORGANISM:INHABITS	355878	Ostreococcus	sp. rcc809	ORGANISM	ostreococcus	NCBITaxon:70447	Ostreococcus	0.9980353713035583	0.8934310078620911	0.8217945694923401	NCBITaxon:70447	Ostreococcus
These samples spanned Polar Regions (Arctic), temperate/subtropical (northern and southern) latitudes, and one station in the Southern Ocean, along with warmer, low-latitude waters ( Fig 5A–C ). While B. prasinos was detected in polar, temperate and southern latitudes; M. commoda , and Ostreococcus sp. RCC809 were restricted to low latitudes regions, consistent with previous findings [ 67 ].	PMC12704426	PMC12704426.1	31	3-4	STRAIN-ORGANISM:INHABITS	355878	Ostreococcus	sp. rcc809	ORGANISM	ostreococcus	NCBITaxon:70447	Ostreococcus	0.9998371601104736	0.8283510804176331	0.7334503531455994	NCBITaxon:70447	Ostreococcus
According to metabarcoding, Dinophyta and Chlorophyta dominated the phytoplankton community in both seasons. In summer, Heterocapsa circularisquama , Scrippsiella trochoidea , Dolichomastix tenuilepis , and Ostreococcus spp. RCC410, Takayama cf. pulchellum , and Gymnodinium spp. NA‐2008 were the most dominant taxa (Table S3 ) and were highly abundant in the north and east coastal areas (Figure 4A ). Among the 359 taxa detected in summer, 48 were HAB species, with 15 being potentially toxic (Table S5 ).	PMC11981879	PMC11981879.1	23	1-3	STRAIN-ORGANISM:INHABITS	354751	Ostreococcus	. rcc410	ORGANISM	ostreococcus	NCBITaxon:70447	Ostreococcus	0.9828068017959595	0.8528980612754822	0.7935831546783447	NCBITaxon:70447	Ostreococcus
In recent years, several genomes of Ostreococcus have been sequenced including O. tauri and Ostreococcus lucimarinus [ 5 , 6 ]. Two genomes of Micromonas became available recently [ 7 ] and a deep strain of Ostreococcus (RCC809) is now being sequenced. The analysis of Ostreococcus genomes has led to several hypothesis about physiological features, such as the occurrence of an atypical light harvesting complex and C4 photosynthesis [ 5 , 8 ].	PMC2850359	PMC2850359.1	6	1-3	STRAIN-ORGANISM:INHABITS	355878	Ostreococcus	rcc809	ORGANISM	ostreococcus	NCBITaxon:70447	Ostreococcus	0.9997097849845886	0.8141461610794067	0.9521542191505432	NCBITaxon:70447	Ostreococcus
Specimen examined : The Netherlands , from a leaf of Selaginella sp., deposited in CBS Jan 1993, J. de Gruyter ( neotype of Phyllosticta selaginellae designated here HMAS 246693, MBT202501, culture ex-neotype CBS 122.93 = PD 77/1049).	PMC4774273	PMC4774273.1	602	1	STRAIN-ORGANISM:INHABITS	156683	Paraboeremia selaginellae	cbs 122.93	ORGANISM	phyllosticta selaginellae	NCBITaxon:749870	Paraboeremia selaginellae	0.9429811239242554	0.7657709121704102	0.9103517234325409	NCBITaxon:749870	Paraboeremia selaginellae
The likeliness of the findings of Pyrenochaeta romeroi ( CBS 252.60 ), Asteromella tiliae ( CBS 265.94 ) and Neottiosporina paspali ( CBS 331.37 ) in this clade was already discussed by De Gruyter et al. ( 2009 ).	PMC2836210	PMC2836210.1	37	1	STRAIN-ORGANISM:INHABITS	166693	Paraconiothyrium tiliae	cbs 265.94	ORGANISM	asteromella tiliae	NCBITaxon:1234610	Paraconiothyrium tiliae	0.9998989105224609	0.9157739877700806	0.7292310893535614	NCBITaxon:1234610	Paraconiothyrium tiliae
The Parascedosporium clade (96 % bootstrap support) compromised CBS 102085, CBS 118694, and CBS 102083 of Graphium putredinis (according to Okada et al. 1998 ), the ex-type of Rhinocladium lesnei (CBS 108.10), and the ex-type plus one additional sequence of Parascedosporium tectonae (CBS 127.84 and CBS 100392). Within the clade differences of maximally two bases were noted, but branches were statistically unsupported.	PMC3317366	PMC3317366.1	11	1-2	STRAIN-ORGANISM:INHABITS	65239	Parascedosporium putredinis	cbs 102083	ORGANISM	graphium putredinis	NCBITaxon:1442378	Parascedosporium putredinis	0.9998539686203003	0.8686758577823639	0.8196195662021637	NCBITaxon:1442378	Parascedosporium putredinis
According to the results of the order-level phylogenetic analyses ( Fig. 1 ), all three DSE groups unambiguously belong to the order Pleosporales and are nested in different families. The group DSE-4 represents a basal lineage in Morosphaeriaceae . The distinct isolates of group DSE-8 form a well-supported incertae sedis clade together with Massarina igniaria (CBS 845.96), Periconia macrospinosa (CBS 135663) and Noosia bankssiae (CPC 17282) in the suborder Massarineae .	PMC4713113	PMC4713113.1	24	1-3	STRAIN-ORGANISM:INHABITS	176488	Periconia igniaria	cbs 845.96	ORGANISM	massarina igniaria	NCBITaxon:398332	Periconia igniaria	0.999891996383667	0.9177086353302002	0.8098612427711487	NCBITaxon:398332	Periconia igniaria
The strain CBS 156.62, identified as Passalora capsicicola , was also sterile in culture and the herbarium specimen could not be traced. Based on the phylogenetic analysis, Passalora capsicicola clusters in the Phaeoramularia clade ( Fig. 1 , clade 61; Fig. 3 , clade 25) in a well supported clade. In addition, based on a BLAST comparison against the alignment, CBS 148.38 shared 99 % (465/472) similarity on ITS and 92 % (587/639) similarity on rpb2 with Phaeoramularia gomphrenicola CPC 23248.	PMC5693839	PMC5693839.1	1004	5-7	STRAIN-ORGANISM:INHABITS	153908	Phaeoramularia capsicicola	cbs 156.62	ORGANISM	passalora capsicicola	NCBITaxon:2059753	Phaeoramularia capsicicola	0.9995835423469543	0.9155497252941132	0.9719096124172211	NCBITaxon:2059753	Phaeoramularia capsicicola
Regarding the occurrence of extra copies of some genes in Phaffia rhodozyma , lines of evidence come from Medwid ( 24 ), whose findings suggested that Phaffia rhodozyma is not haploid and also from Niklitschek et al . ( 25 ), who cloned and studied the genes ( idi , crtE , crtYB , crtl and crtS at their genomic and cDNA level, controlling the astaxanthin biosynthetic pathway in the wild-type ATCC 24230 strain of Xanthophyllomyces dendrorhous .	PMC3895570	PMC3895570.1	26	1	STRAIN-ORGANISM:INHABITS	202634	Phaffia rhodozyma	atcc 24230	ORGANISM	xanthophyllomyces dendrorhous	NCBITaxon:264483	Phaffia rhodozyma	0.9990745782852173	0.974251389503479	0.8935543298721313	NCBITaxon:264483	Phaffia rhodozyma
The genome datasets used for comparative genomics were obtained from the following sources: Phanerochaete chrysosporium strain ATCC 20,696 ( https://www.ncbi.nlm.nih.gov/datasets/genome/GCA_001910725.1/ , accessed on 10 October 2022); Botrytis cinerea strain T4 ( https://www.ncbi.nlm.nih.gov/datasets/genome/GCA_000292645.1/ , accessed on 10 October 2022); Pyricularia oryzae strain MZ5-1-6 ( https://www.ncbi.nlm.nih.gov/datasets/genome/GCA_004346965.1/ , accessed on 10 October 2022); and Erysiphe necator strain c ( https://www.ncbi.nlm.nih.gov/datasets/genome/GCA_000798715.1/ , accessed on 10 October 2022).	PMC12653496	PMC12653496.1	14	1	STRAIN-ORGANISM:INHABITS	252678	Phanerodontia chrysosporium	atcc 20,696	ORGANISM	phanerochaete chrysosporium	NCBITaxon:2822231	Phanerodontia chrysosporium	0.9997468590736389	0.9834563136100769	0.7348800301551819	NCBITaxon:2822231	Phanerodontia chrysosporium
Using the amino acid sequence coded by a previously cloned AAD ORF from Phanerochaete chrysosporium ( Pc ) strain OGC101 [ 20 ] as query, a BLAST alignment was performed against the translated predicted ORFs of the genome sequence of P. chrysosporium strain RP78 [ 2 , 21 ]. The results showed the existence of 8 AAD homologues that consist of six to nine exons and encode proteins from 240 to 398 amino acids.	PMC3507735	PMC3507735.1	9	1-2	STRAIN-ORGANISM:INHABITS	252678	Phanerodontia chrysosporium	ogc101	ORGANISM	phanerochaete chrysosporium	NCBITaxon:2822231	Phanerodontia chrysosporium	0.9997283816337585	0.7095000147819519	0.613537609577179	NCBITaxon:2822231	Phanerodontia chrysosporium
Physalacriaceae ), Cunninghamella black NRRL 1369 (F. Cunninghamellaceae ), Cunninghamella elegans ATCC 8688a (F. Cunninghamellaceae ), Phlebia rufa ATCC 76992 (F. Meruliaceae ), Penicillium chrysogenum ATCC 9480 (F. Aspergillaceae ), Alternaria chartarum ATCC 26683 (F. Pleosporaceae) , Cordyseps ophioglossoids ATCC 24400 (F. Ophiocordycipitaceae ), Coriolus versicolor ATCC 20565 (F. Polyporaceae ), Phanerochaete chrysosporium ATCC 34541(F. Phanerochaetaceae ) and Mucor sp. ATCC 56651 (F. Mucoraceae ).	PMC12297533	PMC12297533.1	41	14-23	STRAIN-ORGANISM:INHABITS	79463	Phanerodontia chrysosporium	atcc 34541	ORGANISM	phanerochaete chrysosporium	NCBITaxon:2822231	Phanerodontia chrysosporium	0.9998013377189636	0.9518202543258667	0.6870126724243164	NCBITaxon:2822231	Phanerodontia chrysosporium
Trichoderma reesei strain QM6a (ATCC 13631) was obtained from the American Type Culture Collection (ATCC, Manassas, VA, USA). Aspergillus terreus strain DSM 1958, Myceliophthora thermophila strain DSM 1799 and Phanerochaete chrysosporium strain DSM 6909 were obtained from the German Collection of Microorganisms and Cell Cultures GmbH (DSMZ, Braunschweig, Germany).	PMC7679414	PMC7679414.1	34	1-2	STRAIN-ORGANISM:INHABITS	74565	Phanerodontia chrysosporium	dsm 6909	ORGANISM	phanerochaete chrysosporium	NCBITaxon:2822231	Phanerodontia chrysosporium	0.9991186261177063	0.9819453954696655	0.5971487164497375	NCBITaxon:2822231	Phanerodontia chrysosporium
CDH gene sequence was obtained from Phanerochaete chrysosporium strain OGC101 from GenBank (entry U46081.1 ) which was commercially synthesized after codon optimization by IGEbio (Guangzhou, China), with the addition of the signal peptide sequence of T. reesei cbh1 at the N-terminus and a 6×histidine tag at the C-terminus for expression in T. reesei .	PMC10743782	PMC10743782.1	23	1	STRAIN-ORGANISM:INHABITS	252678	Phanerodontia chrysosporium	ogc101	ORGANISM	phanerochaete chrysosporium	NCBITaxon:2822231	Phanerodontia chrysosporium	0.573738157749176	0.9584975242614746	0.7654392719268799	NCBITaxon:2822231	Phanerodontia chrysosporium
The aquatic hyphomycete Clavariopsis aquatica strain WD(A)-01 represents an exclusively aquatic species frequently observed in rivers and streams ( Junghanns et al., 2008a ; Krauss et al., 2011 ). Phoma sp. strain UHH 5-1-03 (DSM 22425) has an ascomycete affiliation and originates from the Saale river, Germany ( Junghanns et al., 2008a ).	PMC7059612	PMC7059612.1	11	1-2	STRAIN-ORGANISM:INHABITS	407677	Phoma	dsm 22425	ORGANISM	phoma	NCBITaxon:37463	Phoma	0.8263617753982544	0.7395461797714233	0.9166548252105713	NCBITaxon:37463	Phoma
Genomes used for comparison were: R. toruloides CBS 14 ( Kumar et al., 2012 ), R. toruloides CBS 349 ( Zhang et al., 2016 ), R. graminis WP1 ( Firrincieli et al., 2015 ), Sporobolomyces (formerly Sporidiobolus ) salmonicolor CBS 6832 ( Coelho et al., 2015 ), S. roseus JGIBAIF-5F1, Phyllozyma (formerly Sporobolomyces ) linderae CBS 7893, Microbotryum lychnidis-dioicae p1A1 ( Grigoriev et al., 2014 ), Mixia osmundae IAM 14324 ( Toome et al., 2014 ), Leucosporidium creatinivorum (formerly Leucosporidiella creatinivora ; Grigoriev et al., 2014 ) and Puccinia graminis ( Duplessis et al., 2011 ).	PMC5073140	PMC5073140.1	20	2	STRAIN-ORGANISM:INHABITS	65569	Phyllozyma linderae	cbs 7893	ORGANISM	sporobolomyces ) linderae	NCBITaxon:69979	Phyllozyma linderae	0.9998898506164551	0.9157216250896454	0.6821556687355042	NCBITaxon:69979	Phyllozyma linderae
All experimental fungus were provided by the Pathogenic Microorganism (toxin) Preservation Center of Chinese Academy of Medical Sciences, including four species of fungi and two drug-sensitive reference strains as follows: Aspergillus fumigates (CMCCC(F) A.1a), Cryptococcus neoformans (CMCCC(F) D.2a), Sporothrix (CMCCC(F) D.1a), Rhizopus oryzae (CMCCC(F) B.81a), Candida parapsilosis (ATCC22019) and Candida krusei (ATCC6258).	PMC8218698	PMC8218698.1	14	2	STRAIN-ORGANISM:INHABITS	92274	Pichia kudriavzevii	atcc6258	ORGANISM	candida krusei	NCBITaxon:4909	Pichia kudriavzevii	0.9995005130767822	0.8445530533790588	0.8853272199630737	NCBITaxon:4909	Pichia kudriavzevii
Reference strains of Candida auris (ATCC MYA-5001), Candida albicans (ATCC 10231), Candida glabrata (ATCC 15126), Candida krusei (ATCC 14243), and Candida tropicalis (ATCC 13803) were obtained from the American Type Culture Collection (ATCC, Gaithersburg, MD, USA). The fungal strain cultures were grown in YPD medium (1% yeast extract, 2% peptone, 2% dextrose), pH 5.6, and RPMI 1640 medium supplemented with L-glutamine and buffered with morpholinepropanesulfonic acid (MOPS) (Sigma-Aldrich, St.	PMC11768094	PMC11768094.1	10	1-2	STRAIN-ORGANISM:INHABITS	250926	Pichia kudriavzevii	atcc 14243	ORGANISM	candida krusei	NCBITaxon:4909	Pichia kudriavzevii	0.99935382604599	0.7634074091911316	0.868823915719986	NCBITaxon:4909	Pichia kudriavzevii
Reference strains of C . parapsilosis (ATCC 22019), C . orthopsilosis (ATCC 96139), C . metapsilosis (ATCC 96143), L . elongisporus (CBS 2605), Candida albicans (ATCC 90028), Candida dubliniensis (CD36), Candida tropicalis (ATCC 750), Candida glabrata (ATCC 15545), Candida nivariensis (CBS 9983), Candida bracarensis (CBS 10154), Candida krusei (ATCC 6258), and Candida haemulonii (CBS 5149) were used as reference Candida species.	PMC4651534	PMC4651534.1	6	1	STRAIN-ORGANISM:INHABITS	92274	Pichia kudriavzevii	atcc 6258	ORGANISM	candida krusei	NCBITaxon:4909	Pichia kudriavzevii	0.9998476505279541	0.7784914672374725	0.8363549113273621	NCBITaxon:4909	Pichia kudriavzevii
Isolates of ten clinically and environmentally relevant fungal species, Candida albicans (ATCC 90028), Candida tropicalis (ATCC 750), Candida parapsilosis (ATCC 22019), Candida glabrata (ATCC 90030), Candida krusei (ATCC 6258), Candida lusitaniae (ATCC 42720), Cryptococcus gattii (ATCC 32609), Cryptococcus neoformans (ATCC 90113), Aspergillus fumigatus (ATCC MYA 3626) and Aspergillus niger (NMRC 14-41711737) were used.	PMC6628298	PMC6628298.1	27	1	STRAIN-ORGANISM:INHABITS	92274	Pichia kudriavzevii	atcc 6258	ORGANISM	candida krusei	NCBITaxon:4909	Pichia kudriavzevii	0.9988817572593689	0.9321295619010925	0.8259376883506775	NCBITaxon:4909	Pichia kudriavzevii
The reference strains Aspergillus flavus (ATCC 204304), Aspergillus fumigatus (ATCC 204305), Candida krusei (ATCC 6258) and Candida parapsilosis (ATCC 22019) were used for quality control.	PMC6080783	PMC6080783.1	15	7	STRAIN-ORGANISM:INHABITS	92274	Pichia kudriavzevii	atcc 6258	ORGANISM	candida krusei	NCBITaxon:4909	Pichia kudriavzevii	0.8953855037689209	0.9558513760566711	0.8828442394733429	NCBITaxon:4909	Pichia kudriavzevii
Candida parapsilosis (ATCC 22019), Candida krusei (ATCC 6258) and Aspergillus flavus (ATCC 204304) were included as quality control strains.	PMC6987154	PMC6987154.1	16	9	STRAIN-ORGANISM:INHABITS	92274	Pichia kudriavzevii	atcc 6258	ORGANISM	candida krusei	NCBITaxon:4909	Pichia kudriavzevii	0.9979169964790344	0.8997392058372498	0.9130569994449615	NCBITaxon:4909	Pichia kudriavzevii
Panel fungi consisted of Candida albicans (ATCC 90028), Candida glabrata (ATCC MYA-2950), Candida krusei (ATCC 14243), Candida parapsilosis (ATCC 90018), and Candida tropicalis (ATCC 13803). Bacteria were cultured in tryptic soy (TS) medium except for S. pneumoniae , for which TS was supplemented with 5% human blood. Candida spp. were cultured in Sabouraud dextrose medium.	PMC4850259	PMC4850259.1	25	3-5	STRAIN-ORGANISM:INHABITS	250926	Pichia kudriavzevii	atcc 14243	ORGANISM	candida krusei	NCBITaxon:4909	Pichia kudriavzevii	0.9982073307037354	0.934417337179184	0.8554348349571228	NCBITaxon:4909	Pichia kudriavzevii
Three yeast strains ( Candida albicans (ATCC 10231), Candida krusei (ATCC 6258), and Cryptococcus neoformans (CECT1078)) and filamentous fungi (one Aspergillus fumigatus (ATCC 204305) and three dermatophytes ( Trichophyton rubrum (FF5), Nannizzia gypsea (formerly Microsporum gypseum -FF3) and Epidermophyton floccosum (FF9)) were used in this work.	PMC12320693	PMC12320693.1	25	1	STRAIN-ORGANISM:INHABITS	92274	Pichia kudriavzevii	atcc 6258	ORGANISM	candida krusei	NCBITaxon:4909	Pichia kudriavzevii	0.9990490078926086	0.8259470462799072	0.8654495477676392	NCBITaxon:4909	Pichia kudriavzevii
Thirteen of them were reference strains: Candida albicans (n = 1, ATCC 90028), Candida parapsilosis (n = 1, ATCC 22019), Candida krusei (n = 1, ATCC 6258) and Aspergillus fumigatus (n = 1, ATCC 10894) strains from the American Type Culture Collection (ATCC); Candida dubliniensis (n = 1, RI0482), Cryptococcus neoformans (n = 2, molecular type VN Ι and VN ΙΙ), and Cryptococcus gattii (n = 2, molecular type VG Ι and VG ΙV) strains from Centre for Infectious Diseases and Microbiology, the University of Sydney; Aspergillus ustus (n = 1, 35377), Aspergillus versicolor (n = 1, 35379), Aspergillus flavipes (n = 1, 33921), and Aspergillus nidulans (n = 1, CNCGF129) strains from Chinese Academy of Sciences.	PMC4024029	PMC4024029.1	10	2	STRAIN-ORGANISM:INHABITS	92274	Pichia kudriavzevii	atcc 6258	ORGANISM	candida krusei	NCBITaxon:4909	Pichia kudriavzevii	0.9998675584793091	0.9330525994300842	0.7691823840141296	NCBITaxon:4909	Pichia kudriavzevii
Reference strains of Candida albicans (ATCC 64548), Nakaseomyces glabratus (ATCC 90030), Candida krusei (ATCC 6258), Candida tropicalis (ATCC 750), Candida parapsilosis (ATCC 22019), Candida dubliniensis (ATCC MYA-646), and Candida kefyr (ATCC 38296) were obtained from the American Type Culture Collection (ATCC, Manassas, VA, USA).	PMC13298145	PMC13298145.1	8	1	STRAIN-ORGANISM:INHABITS	92274	Pichia kudriavzevii	atcc 6258	ORGANISM	candida krusei	NCBITaxon:4909	Pichia kudriavzevii	0.9998898506164551	0.9035663902759552	0.8947105705738068	NCBITaxon:4909	Pichia kudriavzevii
Candida glabrata (ATCC-90525), Candida parapsilosis (ATCC-20224), Candida krusei (ATCC-6258), Candida tropicalis (ATCC-20240), Candida albicans (ATCC-2048) were supplied by the Chinese Academy of Medical Sciences.	PMC4982898	PMC4982898.1	7	1	STRAIN-ORGANISM:INHABITS	92274	Pichia kudriavzevii	atcc-6258	ORGANISM	candida krusei	NCBITaxon:4909	Pichia kudriavzevii	0.9997826218605042	0.9375490546226501	0.8649942278862	NCBITaxon:4909	Pichia kudriavzevii
The following fungal strains were used (Table 1 ): Candida albicans (ATCC 10230), Candida glabrata (BNCC 337348), Candida tropicalis (BNCC 337310), Candida parapsilosis (BNCC 337317), Candida krusei (ATCC 6258), Candida guilliermondii (ATCC 6260), Cryptococcus neoformans (BNCC 337347), Aspergillus flavus (HB-CICC 71005), Aspergillus terreus (HB-CICC 70504), Aspergillus niger (01018094), and Aspergillus fumigatus (01010287).	PMC7035122	PMC7035122.1	8	2	STRAIN-ORGANISM:INHABITS	92274	Pichia kudriavzevii	atcc 6258	ORGANISM	candida krusei	NCBITaxon:4909	Pichia kudriavzevii	0.98514324426651	0.9387146830558777	0.8643643260002136	NCBITaxon:4909	Pichia kudriavzevii
Reference strains of C . tropicalis (ATCC 750), Candida viswanathii (CBS 1924), C . albicans (ATCC 90028), Candida dubliniensis (CD36), C . parapsilosis (ATCC 22019), Candida orthopsilosis (ATCC 96139), Candida metapsilosis (ATCC 96143), Lodderomyces elongisporus (CBS 2605), C . glabrata (ATCC 15545), Candida nivariensis (CBS 9983), Candida bracarensis (CBS 10154), Candida krusei (ATCC 6258) and Candida haemulonii (CBS 5149) were used.	PMC5576731	PMC5576731.1	7	1	STRAIN-ORGANISM:INHABITS	92274	Pichia kudriavzevii	atcc 6258	ORGANISM	candida krusei	NCBITaxon:4909	Pichia kudriavzevii	0.999854564666748	0.7732681930065155	0.8149404227733612	NCBITaxon:4909	Pichia kudriavzevii
The assayed microorganisms were Enterococcus faecalis (ATCC1299 and CI), Klebsiella pneumoniae (ATCC13883 and CI), Pseudomonas aeruginosa (48 1997 a EPM and CI), Staphylococcus aureus (ATCC BAA 44 and CI), Staphylococcus epidermidis (ATCC 14990 and CI), Candida albicans (ATCC 90028 and CI), Candida glabrata (ATCC 2001 and CI), Candida krusei (ATCC 6258 and CI), Candida parapsilosis (ATCC 22019 and CI), and Candida tropicalis (ATCC 13803 and CI).	PMC9495104	PMC9495104.1	45	2	STRAIN-ORGANISM:INHABITS	92274	Pichia kudriavzevii	atcc 6258	ORGANISM	candida krusei	NCBITaxon:4909	Pichia kudriavzevii	0.9998539686203003	0.9444377720355988	0.8608624339103699	NCBITaxon:4909	Pichia kudriavzevii
These strains comprised of three yeasts: Candida albicans (ATCC 90028), Candida krusei (ATCC 6258), and Candida tropicalis (ATCC 750); one filamentous fungi: Aspergillus fumigatus (MTCC 1811); three Gram-negative bacteria: Pseudomonas aeruginosa ATCC 27853, Escherichia coli ATCC25292, vancomycin-resistant Enterococcus faecalis (VRE) and three Gram-positive bacteria: Staphylococcus aureus ATCC 29213, methicillin-resistant Staphylococcus aureus (MRSA, ATCC 33591) and Staphylococcus epidermidis (ATCC 12228).	PMC3635900	PMC3635900.1	13	2	STRAIN-ORGANISM:INHABITS	92274	Pichia kudriavzevii	atcc 6258	ORGANISM	candida krusei	NCBITaxon:4909	Pichia kudriavzevii	0.8701565861701965	0.8737892806529999	0.8945486843585968	NCBITaxon:4909	Pichia kudriavzevii
Seven candidal strains, Candida albicans (ATCC 14053), Candida dubliniensis (ATCC MYA-2975), Candida glabrata (ATCC 90030), Candida krusei (ATCC 14243), Candida lusitaniae (ATCC 64125), Candida parapsilosis (ATCC 22019),d and Candida tropicalis (ATCC 13803), were purchased from the American Type Culture Collection (ATCC), USA.	PMC3703345	PMC3703345.1	9	1	STRAIN-ORGANISM:INHABITS	250926	Pichia kudriavzevii	atcc 14243	ORGANISM	candida krusei	NCBITaxon:4909	Pichia kudriavzevii	0.9999114274978638	0.7664555609226227	0.8055813908576965	NCBITaxon:4909	Pichia kudriavzevii
Multi-drug resistant human pathogens, including Escherichia coli (ATCC 10536), Klebsiella pneumoniae (ATCC 10031), Pseudomonas aeruginosa (ATCC 27853), Staphylococcus epidermidis (ATCC 14990), Staphylococcus aureus (ATCC 25923), Streptococcus pneumoniae (ATCC 33400), Candida albicans (ATCC 10231), Candida krusei (ATCC 6258), and Candida tropicals (ATCC 13803), kindly provided by the Department of Bioprocess Development (BID), Genetic Engineering and Biotechnology Research Institute (GEBRI), City of Scientific Research and Technological Applications (SRTA-city), New Borg El Arab City, Alexandria 21934, Egypt.	PMC10776836	PMC10776836.1	7	2	STRAIN-ORGANISM:INHABITS	92274	Pichia kudriavzevii	atcc 6258	ORGANISM	candida krusei	NCBITaxon:4909	Pichia kudriavzevii	0.9979531764984131	0.7926298379898071	0.774133175611496	NCBITaxon:4909	Pichia kudriavzevii
The tested fungus strains of candida albicans (ATCC-10221) , Candida Tropicalis (ATCC-131803), Candida krusei (ATCC-14243), Candida glabrata (ATCC-15126), Geotrichom candidum (ATCC-34614), Aspergillus niger ( KU681408 ) and Mucor citcinelloid (ATCC-8542) were ± and the inculcation preparation was done using direct colony suspension as follows; the inoculum was prepared by making a direct broth or saline suspension of the isolated colonies within 24 h in an agar plate using the non-selective medium, such as blood agar.	PMC11193721	PMC11193721.1	22	3	STRAIN-ORGANISM:INHABITS	250926	Pichia kudriavzevii	atcc-14243	ORGANISM	candida krusei	NCBITaxon:4909	Pichia kudriavzevii	0.5332759618759155	0.9711050689220428	0.9008657932281494	NCBITaxon:4909	Pichia kudriavzevii
All strains ( Aspergillus niger, DSM 12634; Fusarium solani , DSM 1164; Penicillium funiculosum , DSM 10640; Candida parapsilosis , DSM 5784; Debaryomyces hansenii , DSM 70590; Dekkera bruxellensis , DSM 70001; Hansenula anomala , DSM 70263; Issatchenkia orientalis , DSM 6128; Kluyveromyces marxianus , DSM 70073; Pichia membranifaciens , DSM 70633; Saccharomyces cerevisiae , DSM 70499; Schizosaccharomyces octosporus, DSM 70573; Schizosaccharomyces pombe, DSM 70576) were obtained from the German Culture Collection (DSMZ, Braunschweig, Germany).	PMC8537543	PMC8537543.1	7	1	STRAIN-ORGANISM:INHABITS	92274	Pichia kudriavzevii	dsm 6128	ORGANISM	issatchenkia orientalis	NCBITaxon:4909	Pichia kudriavzevii	0.9559402465820312	0.976552277803421	0.7680939435958862	NCBITaxon:4909	Pichia kudriavzevii
Fusarium oxysporum f. sp. vasinfectum (Fov) was obtained from the National Institute for Biotechnology and Genetic Engineering (NIBGE), Faisalabad, Pakistan, where it was originally isolated from the rhizosphere of cotton. Fusarium graminearum (CSB 5–15), Leptosphaeria maculans (DSM 62910) and Cercospora beticola (DSM 621607) were obtained from INRES-Molecular Phytomedicine University of Bonn, Germany.	PMC12081333	PMC12081333.1	9	1-2	STRAIN-ORGANISM:INHABITS	113989	Plenodomus lingam	dsm 62910	ORGANISM	leptosphaeria maculans	NCBITaxon:5022	Plenodomus lingam	0.9999324083328247	0.775677889585495	0.9574727714061737	NCBITaxon:5022	Plenodomus lingam
Additional materials examined. G REECE , from Chrysanthemum sp., Apr. 1963, D.G. Zachos , holotype CBS H-7576, ex-holotype culture of Cephalosporium chrysanthemi CBS 539.63. – I SRAEL , on Citrus limon , deposited at CBS by J. de Gruyter in Oct. 1993, culture CBS 551.93 = PD 81/782. – I TALY , Sicily, Palermo, Bagheria, on Citrus limon , 1983, probably Faretra , culture Pt 52 = MUCL 38481 (sterile); on Citrus sp. twigs, probably 1971, deposited at ATCC by S. Grasso , culture ATCC 26007.	PMC10486631	PMC10486631.1	334	1-6	STRAIN-ORGANISM:INHABITS	167517	Plenodomus tracheiphilus	cbs 539.63	ORGANISM	cephalosporium chrysanthemi	NCBITaxon:1077377	Plenodomus tracheiphilus	0.9981178045272827	0.7825219929218292	0.8743305206298828	NCBITaxon:1077377	Plenodomus tracheiphilus
In this study, four strains of P. tracheiphilus from Citrus spp. from Italy and Israel, as well as the ex-holotype (CBS 539.63) of Cephalosporium chrysanthemi , formed a distinct clade with high supported value ( Fig. 31 ). Although the strain MUCL 38481 was isolated from exactly the same host as the holotype of Plenodomus tracheiphilus , it is sterile in this study and thus improper for the designation of a type.	PMC10486631	PMC10486631.1	339	3-4	STRAIN-ORGANISM:INHABITS	167517	Plenodomus tracheiphilus	cbs 539.63	ORGANISM	cephalosporium chrysanthemi	NCBITaxon:1077377	Plenodomus tracheiphilus	0.9998736381530762	0.9485571980476379	0.9520415365695953	NCBITaxon:1077377	Plenodomus tracheiphilus
The strain SAG 84.81 resembles Prasiolopsis by forming irregular cushion-like tufts of pseudoparanchymatous filaments and cells with single, stellate, pyrenoid-containing chloroplast typical of the Prasiolales [ 10 ] rather than numerous small, discoid chloroplasts without pyrenoids described for Trichophilus [ 12 ]. Therefore our understanding is that Trichophilus welckeri has been found previously in nature [ 6 , 8 , 9 , 14 ] but has not yet been isolated into pure culture and sequenced before.	PMC2858742	PMC2858742.1	15	4-5	STRAIN-ORGANISM:INHABITS	352730	Prasiolopsis	sag 84.81	ORGANISM	prasiolopsis	NCBITaxon:312848	Prasiolopsis	0.9965503215789795	0.6912925243377686	0.9384581446647644	NCBITaxon:312848	Prasiolopsis
Notes : According to the phylogenetic analysis ( Fig. 2 ), the ex-type strain of Acremonium rutilum (CBS 396.66) is placed in Protocreopsis , and it is therefore recombined as Pt. rutila . Eight cultures representing Pt. rutila form two subclades: subclade I contains two strains from the moist wall in the greenhouse in Germany, including the ex-type CBS 396.66; subclade II comprises six strains mainly from soil of various European countries.	PMC11182610	PMC11182610.1	615	1-2	STRAIN-ORGANISM:INHABITS	107260	Protocreopsis rutila	cbs 396.66	ORGANISM	acremonium rutilum	NCBITaxon:45279	Protocreopsis rutila	0.8700461983680725	0.9494939744472504	0.842276394367218	NCBITaxon:45279	Protocreopsis rutila
Based on a blastn search of NCBIs GenBank nucleotide database, the closest hits using the ITS sequence had the highest similarity to Acremonium blochii [culture CBS 993.69, GenBank HE608636.1 ; identities = 417/477 (87 %), 22 gaps (4 %)]; A. pinkertoniae [culture CBS 157.70, GenBank NR_159611.1 ; identities = 417/482 (87 %), 16 gaps (3 %)].	PMC11182610	PMC11182610.1	1133	1	STRAIN-ORGANISM:INHABITS	174236	Proxiovicillium blochii	cbs 993.69	ORGANISM	acremonium blochii	NCBITaxon:1036789	Mastigocladium blochii	0.9943031072616577	0.9433906376361847	0.8536677360534668	NCBITaxon:1036789	Mastigocladium blochii
These species included the toxic, bloom-forming dinoflagellate, Alexandrium monilatum CCMP3105 (isolated from the Gulf of Mexico, Gulfport, Mississippi, USA, 2000), the bloom-forming dinoflagellate, Prorocentrum minimum CCMP1329 (isolated from Great South Bay, NY, USA, 1958), the cosmopolitan diatom, Chaetoceros affinis CCMP159 (isolated from the Gulf of Mexico, May 1980), and the haptophytes Chrysochromulina polylepis CCMP1757 (isolated from the North Sea, 1988) and Gephyrocapsa oceanica RCC1303 (isolated from Arachon Bay, France, Jan 1999).	PMC5513979	PMC5513979.1	7	2	STRAIN-ORGANISM:INHABITS	210666	Prymnesium polylepis	ccmp1757	ORGANISM	chrysochromulina polylepis	NCBITaxon:72548	Prymnesium polylepis	0.999713122844696	0.937217652797699	0.9384217262268066	NCBITaxon:72548	Prymnesium polylepis
Notes : CBS 985.87 was deposited as Chaetomium semispirale , however, its relatively small ascospores, flexuous to undulate and branched, but never spirally coiled ascomatal hairs correspond well with the characters of the type of C. sphaerale . Chivers (1912) described C. sphaerale producing ascospores measuring 7.3–8.1 × 6.4 μm. von Arx et al. (1986) re-described C. sphaerale , and in his description, the ascospores were 7.5–9 × 6–7 × 4–5 μm, which is larger than in the original description.	PMC6133331	PMC6133331.1	152	1-2	STRAIN-ORGANISM:INHABITS	175792	Pseudohumicola semispiralis	cbs 985.87	ORGANISM	chaetomium semispirale	NCBITaxon:2831507	Pseudohumicola semispiralis	0.8035594820976257	0.8390092253684998	0.850108414888382	NCBITaxon:2831507	Pseudohumicola semispiralis
Lee & Crous ( 2003 ) identified a series of isolates from South Africa on the Restionaceae as Glonium compactum ( CBS 112412 , CMW 18760, CMW 17941). However, in their study they did not note the presence of subicula, nor a stromal crust. These features were stressed for this taxon by Zogg ( 1962 ).	PMC2816966	PMC2816966.1	161	1-3	STRAIN-ORGANISM:INHABITS	158629	Psiloglonium araucanum	cbs 112412	ORGANISM	glonium compactum	NCBITaxon:707697	Psiloglonium araucanum	0.9975751042366028	0.9146359860897064	0.9646042287349701	NCBITaxon:707697	Psiloglonium araucanum
The first Q . cyanescens isolate (strain CBS 357.73) was recovered from human skin and described as Sporothrix cyanescens in 1973 [ 2 ]. In 1987, Moore et al . [ 3 ] showed that the cells of this fungus contain dolipore septa and coenzyme Q-10 and thus reassigned the fungus into a new basidiomycetes genus ( Cerinosterus cyanescens ).	PMC4696669	PMC4696669.1	3	3-4	STRAIN-ORGANISM:INHABITS	63932	Quambalaria cyanescens	cbs 357.73	ORGANISM	sporothrix cyanescens	NCBITaxon:345902	Quambalaria cyanescens	0.5054318904876709	0.8827245235443115	0.8977735042572021	NCBITaxon:345902	Quambalaria cyanescens
Cylindrotrichum hennebertii (ex-type strain CBS 570.76 ) groups with R. tulasneorum including its anamorph C. oligospermum . The former taxon was described for specimens with only a short layer of conidiophores ( Gams & Holubová-Jechová 1976 : 50, fig. 24), contrasting with the development of two strata of conidiophores for the latter species. The layering of the conidiophores described in the protologue of C. hennebertii seems to be quite variable depending on substrate and age of the material.	PMC3065989	PMC3065989.1	128	1-3	STRAIN-ORGANISM:INHABITS	73452	Reticulascus tulasneorum	cbs 570.76	ORGANISM	cylindrotrichum hennebertii	NCBITaxon:1028407	Reticulascus tulasneorum	0.6099217534065247	0.8770253658294678	0.9381544888019562	NCBITaxon:1028407	Reticulascus tulasneorum
A multilocus phylogenetic analysis of the concatenated sequences of ITS + GAPDH + LSU region was performed among the Bipolaris maydis and Curvularia lunata isolates, where Drechslera avenae and Rhizopus oryzae were used as an outgroup. On the basis of the phylogenetic tree, two separate clades formed. In clade 1, three subclades were formed; in clade 2, Rhizopus oryzae (CBS 330.53) was considered as an outgroup which is completely different from Helminthosporoid genera.	PMC9410300	PMC9410300.1	45	1-3	STRAIN-ORGANISM:INHABITS	119690	Rhizopus arrhizus	cbs 330.53	ORGANISM	rhizopus oryzae	NCBITaxon:64495	Rhizopus arrhizus	0.7358670830726624	0.9774102866649628	0.6698239743709564	NCBITaxon:64495	Rhizopus arrhizus
Rhizopus oryzae (ATCC 9363) allows obtaining ( R )-benzoin with >99% ee, while Rhizomucor pusillus (72561) yielded ( S )-benzoin with 73% ee [ 31 ]. J. Konishi et al. obtained optically pure ( R )-benzoin using Xanthomonas oryzae IAM 1657, which was selected via screening tests from multiple types of cultures [ 32 ]. Another group of fungi tested for selective properties in the biotransformation of benzils were Aspergillus oryzae and Fusarium roseum strains.	PMC8001866	PMC8001866.1	6	14-17	STRAIN-ORGANISM:INHABITS	119710	Rhizopus arrhizus	atcc 9363	ORGANISM	rhizopus oryzae	NCBITaxon:64495	Rhizopus arrhizus	0.9860308170318604	0.9239965379238129	0.9174268543720245	NCBITaxon:64495	Rhizopus arrhizus
FTR1 protein of four different virulent funguses was selected after reviewing the literature from the NCBI database ( Supplementary Table S1 ). The selected fungi were Rhizopus oryzae, Rhizopus delemar RA 99-880 (a reclassified Rhizopus oryzae), Rhizopus azygosporus, Rhizopus stolonifer, and Mucor circinelloides 1006PhL.	PMC9204303	PMC9204303.1	21	1-2	STRAIN-ORGANISM:INHABITS	334430	Rhizopus arrhizus	rhizopus delemar ra 99-880	ORGANISM	rhizopus oryzae	NCBITaxon:64495	Rhizopus arrhizus	0.987375020980835	0.937292605638504	0.7006696164608002	NCBITaxon:64495	Rhizopus arrhizus
Cunninghamella bertholletiae (CBS 693.68), Mucor plumbeus (DAOM 220743), Mucor racemosus (ATCC 42647), and Rhizopus oryzae (CBS 112.07 and CBS 130146) were used as outgroup for the LSU tree; Aphanoascus keratinophilus (IMI 319010) for the Myxotrichaceae taxa tree; and Trichocoma paradoxa (CBS 247.57) for the Talaromyces tree. The sequence alignments and the maximum-likelihood (ML) and Bayesian-inference (BI) phylogenetic analyses were performed as described previously (Valenzuela-Lopez et al. 2018 ).	PMC7325685	PMC7325685.1	7	5-6	STRAIN-ORGANISM:INHABITS	56676	Rhizopus arrhizus	cbs 112.07	ORGANISM	rhizopus oryzae	NCBITaxon:64495	Rhizopus arrhizus	0.9853278994560242	0.9732071161270142	0.8818780183792114	NCBITaxon:64495	Rhizopus arrhizus
The fungal pathogens Aspergillus flavus (FCBP-PTF-1265) and Aspergillus fumigatus (FCBP-MF-923) were obtained from the First Fungal Culture Bank of Pakistan (FCBP), University of the Punjab, Pakistan. Rhizopus oryzeae (ATCC 11886 (AY 803930)) was obtained from the Department of Microbiology, Quaid-i-Azam University, Islamabad.	PMC5465528	PMC5465528.1	28	1-2	STRAIN-ORGANISM:INHABITS	202349	Rhizopus arrhizus	atcc 11886	ORGANISM	rhizopus oryzae	NCBITaxon:64495	Rhizopus arrhizus	0.9959219694137573	0.9878407418727875	0.907151997089386	NCBITaxon:64495	Rhizopus arrhizus
Rhodosporidium toruloides IFO0880 and Agrobacterium EHA 105 were obtained from Jeffrey Skerker at UC Berkeley [ 56 ]. R. toruloides was cultured in YPD medium at 30 °C, except for monoterpene production quantification where R. toruloides was cultured in YPD medium at 23 °C. Hemiterpene and monoterpene genes were designed to remove the chloroplast targeting peptides and were codon optimized for expression in R. toruloides .	PMC6421710	PMC6421710.1	33	1-3	STRAIN-ORGANISM:INHABITS	361242	Rhodotorula toruloides	ifo0880	ORGANISM	rhodosporidium toruloides	NCBITaxon:5286	Rhodotorula toruloides	0.9079263210296631	0.81128990650177	0.867409348487854	NCBITaxon:5286	Rhodotorula toruloides
So far, there are only a few reports dealing with the metabolites, including cytochalasins from D. necatrix ( Chen, 1960 , Chen, 1964 , Kimura et al., 1989 , Shimizu et al. 2018 ), cytochalasins from R. sanctae-cruciana ( Sharma et al. 2018 ), sordarin and xylarin from various Rosellinia species ( Vicente et al. 2009 ) and the producer strain of the cyclodepsipeptides “PF1022”, which was tentatively assigned to the genus Rosellinia ( Sasaki et al. 1992 ).	PMC7056724	PMC7056724.1	101	2	STRAIN-ORGANISM:INHABITS	125355	Rosellinia	pf1022	ORGANISM	rosellinia	NCBITaxon:77043	Rosellinia	0.8203075528144836	0.9241065979003906	0.9501146674156189	NCBITaxon:77043	Rosellinia
Baker’s yeast cells from the Fleischmann brand were acquired in retail trade in the municipality of Rio de Janeiro (Latitude: S 22°54′13″, Longitude: W 43°12′35″), and used as a source of Saccharomyces cerevisiae ATCC 7754 [ 46 ].	PMC8877035	PMC8877035.1	29	1	STRAIN-ORGANISM:INHABITS	112268	Saccharomyces cerevisiae	saccharomyces cerevisiae atcc 7754	ORGANISM	baker’s yeast	NCBITaxon:4932	Saccharomyces cerevisiae	0.9998639822006226	0.8077488243579865	0.8683843314647675	NCBITaxon:4932	Saccharomyces cerevisiae
Genomic libraries for available S . eubayanus strains ( S1 Table ), one representative strain from the Saaz lineage of lager yeast (CBS1503), and one representative strain from the Frohberg lineage of lager yeast (W34/70) were generated as described previously [ 50 ] and sequenced using Illumina paired-end sequencing ( S5 Table ). Details on the identification of high-quality single nucleotide polymorphisms (SNPs) can be found in S1 Text .	PMC4934787	PMC4934787.1	32	1-2	STRAIN-ORGANISM:INHABITS	77623	Saccharomyces pastorianus	cbs1503	ORGANISM	lager yeast	NCBITaxon:27292	Saccharomyces pastorianus	0.9996337890625	0.6488276422023773	0.6871519684791565	NCBITaxon:27292	Saccharomyces pastorianus
However, according to the Shenzhen code, E. synnematicola is invalid because the type material was not been indicated in the protologue, which only left an “ex-type culture” deposited in CBS culture collection ( Mathur & Thirumalachar 1960 ). In the present study, the ex-type culture of Cephalosporium incoloratum (CBS 146.62), which was isolated from the same country and same substrates as E. synnematicola , proved to be genetically identical to “ex-type culture” of E. synnematicola (CBS 176.60).	PMC11182610	PMC11182610.1	761	3-4	STRAIN-ORGANISM:INHABITS	74193	Sarocladium kiliense	cbs 146.62	ORGANISM	cephalosporium incoloratum	NCBITaxon:45277	Sarocladium kiliense	0.9999076128005981	0.9503337442874908	0.760116308927536	NCBITaxon:45277	Sarocladium kiliense
SSOH12 was identified as Pichia segobiensis . This strain belongs to the ascomycetes. The second highest agreement of SSOH12 was with Scheffersomyces stipitis, also known as Pichia stipitis. Pichia stipitis (Nigam [ 2001 ]) and Scheffersomyces stipitis (Liu et al. [ 2010 ]) are well described within the context of microbial ethanol production, but have not been mentioned previously with regards to lipid production.	PMC4052688	PMC4052688.1	34	1-4	STRAIN-ORGANISM:INHABITS	399644	Scheffersomyces segobiensis	ssoh12	ORGANISM	pichia segobiensis	NCBITaxon:45512	Scheffersomyces segobiensis	0.999626636505127	0.7455829083919525	0.9463448524475098	NCBITaxon:45512	Scheffersomyces segobiensis
Characterized soil isolates used in this study were deposited at the DSMZ culture collection. CPOH4 Cryptococcus podzolicus as DSM 27192, SSOH12 Pichia segobiensis as DSM 27193 and TPST6 Trichosporum porosum as DSM 27194.	PMC4052688	PMC4052688.1	12	1-2	STRAIN-ORGANISM:INHABITS	399644	Scheffersomyces segobiensis	ssoh12	ORGANISM	pichia segobiensis	NCBITaxon:45512	Scheffersomyces segobiensis	0.9917961359024048	0.8212577104568481	0.9684396982192993	NCBITaxon:45512	Scheffersomyces segobiensis
The Panel notes that the percentage of identity of the two strains is only discrete and that the species of Schizochytrium sp. ATCC 20888 is unknown and, therefore, the strain cannot be considered identified unambiguously at species level as requested by the above‐mentioned guidance.	PMC8802159	PMC8802159.1	19	3	STRAIN-ORGANISM:INHABITS	252881	Schizochytrium	sp. atcc 20888	ORGANISM	schizochytrium	NCBITaxon:4772	Schizochytrium	0.9989161491394043	0.7501698136329651	0.843506932258606	NCBITaxon:4772	Schizochytrium
On 18 July 2019, the company Bioplus Life Sciences submitted a request to the European Commission to authorize the use of Schizochytrium oil, obtained from Schizochytrium sp. ATCC 20889, in infant formulae food categories [ 66 ] ( https://efsa.onlinelibrary.wiley.com/doi/full/10.2903/j.efsa.2020.6242 ; accessed on 21 January 2023).	PMC10045275	PMC10045275.1	14	3	STRAIN-ORGANISM:INHABITS	209040	Schizochytrium	atcc 20889	ORGANISM	schizochytrium	NCBITaxon:4772	Schizochytrium	0.5560982823371887	0.786977231502533	0.7458969354629517	NCBITaxon:4772	Schizochytrium
The plasmids used in this study are summarized in Supplementary Table 7 . DNA fragments carrying PUFA synthase genes were amplified by PCR with the primers shown in Supplementary Table 8 and genomic DNA of Schizochytrium sp. (ATCC 20888, orfABC ; accession numbers AF378327 , AF378328 , AF378329 ), Shewanella oneidensis MR-1 (ATCC BAA-1096, SopfaABCDE ; accession number NC_004347 ), and Aureispira marina (JCM 23201, AmpfaABCDE ; accession number AB980240 ).	PMC5067506	PMC5067506.1	26	1-2	STRAIN-ORGANISM:INHABITS	252881	Schizochytrium	atcc 20888	ORGANISM	schizochytrium	NCBITaxon:4772	Schizochytrium	0.9997847676277161	0.7039371132850647	0.9464196264743805	NCBITaxon:4772	Schizochytrium
Furthermore, we identified a gene cluster and 10 ORFs related to PKS pathway containing domains with homology to those in Shewanella pneumatophori (GenBank accession number U73935.1. ), Schizochytrium sp. ATCC_20888 (GenBank accession number AF378327 , AF378328 , AF378329 ) and Moritella (GenBank accession number AB025342.1 ).	PMC7179369	PMC7179369.1	19	2	STRAIN-ORGANISM:INHABITS	252881	Schizochytrium	. atcc_20888	ORGANISM	schizochytrium	NCBITaxon:4772	Schizochytrium	0.9537081718444824	0.7630975842475891	0.7315367460250854	NCBITaxon:4772	Schizochytrium
Most laboratory fission yeast strains have three chromosomes, but the recently identified strain CBS2777 has a fourth chromosome that originated via a series of complex genomic rearrangements ( Brown et al., 2014 , 2011 ; Rhind et al., 2011 ). CBS2777 had the shortest RLS of 22.7 generations (95% CI 21.9–23.6 generations), consistent with its aberrant genome and altered genome maintenance ( Brown et al., 2014 ).	PMC5332158	PMC5332158.1	18	5-6	STRAIN-ORGANISM:INHABITS	118749	Schizosaccharomyces pombe	cbs2777	ORGANISM	fission yeast	NCBITaxon:4896	Schizosaccharomyces pombe	0.9700134992599487	0.929999828338623	0.8744661808013916	NCBITaxon:4896	Schizosaccharomyces pombe
NGS-assisted BSA has been successfully applied in the budding yeast Sa . cerevisiae to uncover the genetic basis of Mendelian traits (Birkeland et al. 2010 ; Wenger et al. 2010 ) and multi-gene traits (Ehrenreich et al. 2010 ; Magwene et al. 2011 ; Parts et al. 2011 ; Swinnen et al. 2012 ). In this study, we applied this method to identify the causal gene of the Mal - phenotype of the fission yeast strain CBS5557.	PMC4700965	PMC4700965.1	7	7-8	STRAIN-ORGANISM:INHABITS	65325	Schizosaccharomyces pombe	cbs5557	ORGANISM	fission yeast	NCBITaxon:4896	Schizosaccharomyces pombe	0.9995299577713013	0.93523308634758	0.8643879294395447	NCBITaxon:4896	Schizosaccharomyces pombe
In this study, we performed detailed analysis of the sequence variants in CBS5557 genome and demonstrated that NGS-assisted BSA is a powerful tool for elucidating the genetic basis of natural trait variations in fission yeast by mapping and identifying the gene underlying the Mal - phenotype of CBS5557.	PMC4700965	PMC4700965.1	37	1	STRAIN-ORGANISM:INHABITS	65325	Schizosaccharomyces pombe	cbs5557	ORGANISM	fission yeast	NCBITaxon:4896	Schizosaccharomyces pombe	0.8806431889533997	0.9397661983966827	0.9330194592475891	NCBITaxon:4896	Schizosaccharomyces pombe
Notes : An authentic isolate of Phoma versabilis (CBS 876.97), which morphologically agrees well with the original description of this species ( Boerema et al. 2004 ), grouped in the Ascochyta clade. Thus, Ascochyta versabilis was introduced as a new combination.	PMC4774273	PMC4774273.1	678	1-2	STRAIN-ORGANISM:INHABITS	175798	Sclerotiophoma versabilis	cbs 876.97	ORGANISM	phoma versabilis	NCBITaxon:2698418	Sclerotiophoma versabilis	0.9997876286506653	0.8245753645896912	0.7860478162765503	NCBITaxon:2698418	Sclerotiophoma versabilis
In Watanabe et al. (2016) , the combination Synnemapestaloides foliicola was introduced to accommodate Sarcostroma foliicola using strain NBRC 32676 (= CBS 477.77). However, NBRC 32676 was not the ex-type strain of Seimatosporium foliicola , and therefore Syn. foliicola and Sar. foliicola are not listed as synonyms.	PMC6298422	PMC6298422.1	667	1-2	STRAIN-ORGANISM:INHABITS	124977	Seimatosporium foliicola	nbrc 32676	ORGANISM	sarcostroma foliicola	NCBITaxon:909097	Seimatosporium foliicola	0.9569571614265442	0.7718949317932129	0.9828142523765564	NCBITaxon:909097	Seimatosporium foliicola
Closest hits using the tef1 sequence had highest similarity to Septoria protearum (strain CBS 778.97, GenBank KF253472.1 ; Identities = 387/387 (100 %), no gaps), Septoria citri (strain CBS 315.37, GenBank JX901706.1 ; Identities 396/396 (100 %), no gaps), Septoria chamaecisti (strain CBS 350.58, GenBank KF253318.1 ; Identities = 387/387 (100 %), no gaps), and Septoria citricola (strain CBS 356.36, GenBank KF253329.1 ; Identities = 387/388 (99 %), one gap (0 %)).	PMC8165967	PMC8165967.1	374	4	STRAIN-ORGANISM:INHABITS	160827	Septoria chamaecysti	cbs 350.58	ORGANISM	septoria chamaecisti	NCBITaxon:1125865	Septoria chamaecysti	0.9999011754989624	0.9519057869911194	0.974453866481781	NCBITaxon:1125865	Septoria chamaecysti
To conduct additional comparative analyses, we sequenced, assembled and annotated the genomes of four culturable chytrid species: Chytridium confervae CBS 675.73, Powellomyces hirtus CBS 809.83, Spizellomyces palustris ( = Phlyctochytrium palustre ) CBS 455.65, and Synchytrium microbalum JEL517. Species identity was confirmed using rDNA sequences (NCBI: MH660417- MH660420 11 ).	PMC6572847	PMC6572847.1	7	5-6	STRAIN-ORGANISM:INHABITS	166879	Spizellomyces sp. 'palustris'	cbs 455.65	ORGANISM	spizellomyces palustris	NCBITaxon:117820	Spizellomyces sp. 'palustris'	0.7070382237434387	0.8236560225486755	0.7216322422027588	NCBITaxon:117820	Spizellomyces sp. 'palustris'
Three new plastid genomes were sequenced from the non-photosynthetic chrysophte genera Spumella, Pedospumella and Poteriospumella ( Table 1 ). The structures and coding capacities of these genomes were compared to those of the published genomes of the related photosynthetic chrysophyte Ochromonas sp. CCMP1393 and synuralean species ( Ševčíková et al., 2015 ; Kim et al., 2019 ) and the non-photosynthetic “Spumella” sp. NIES-1846 ( Dorrell et al., 2019 ).	PMC7511666	PMC7511666.1	15	1-2	STRAIN-ORGANISM:INHABITS	357991	Spumella	sp. nies-1846	ORGANISM	spumella	NCBITaxon:89043	Spumella	0.9998371601104736	0.7704312801361084	0.8488258123397827	NCBITaxon:89043	Spumella
The sec A gene encodes a protein translocase subunit involved in the hydrolysis of ATP to transfer proteins into the thylakoid lumen. The sec A gene is known to be absent in the glaucophytes, land plants and green algae, but is present in rhodophytes and the red alga-derived plastid genomes of cryptophytes, haptophytes, and stramenopiles. Colorless cryptophytes and diatoms ( Nitzschia spp.) possess the gene ( Dorrell et al., 2019 ; Tanifuji et al., 2020 ), but “ Spumella ” sp. NIES-1846 has lost it.	PMC7511666	PMC7511666.1	27	1-3	STRAIN-ORGANISM:INHABITS	357991	Spumella	. nies-1846	ORGANISM	spumella	NCBITaxon:89043	Spumella	0.9994352459907532	0.7030591368675232	0.8268494009971619	NCBITaxon:89043	Spumella
Notes : This species was originally reported as Acremonium dichromosporum in section Gliomastix ( Gams 1975 ). The multi-locus phylogenetic analysis placed the ex-type strain (CBS 638.73) in the genus Stanjemonium ( Fig. 2 ) .	PMC11182610	PMC11182610.1	823	1-2	STRAIN-ORGANISM:INHABITS	107243	Stanjemonium dichromosporum	cbs 638.73	ORGANISM	acremonium dichromosporum	NCBITaxon:706493	Stanjemonium dichromosporum	0.5701518058776855	0.8944625854492188	0.9497791230678558	NCBITaxon:706493	Stanjemonium dichromosporum
Pleospora herbarum (CBS 191.86) and Stemphylium botryosum (CBS 714.68) were selected as the outgroup ( Samarakoon et al. 2020 ). The phylogenetic tree revealed that the two isolated strains, CFCC 72641 and CFCC 72647, formed a distinct clade with strong support values of 99/1 ( ML / BI ) (Fig. 3 ). This clade did not cluster with any known species, indicating their status as a novel species.	PMC12550508	PMC12550508.1	15	4-6	STRAIN-ORGANISM:INHABITS	176367	Stemphylium vesicarium	cbs 191.86	ORGANISM	pleospora herbarum	NCBITaxon:119933	Stemphylium vesicarium	0.9998601675033569	0.8902880251407623	0.902745395898819	NCBITaxon:119933	Stemphylium vesicarium
To clarify the relationship between endophytic strains named as shiraia-like ( Shiraia spp.) and Shiraiaceae , a phylogenetic tree was constructed (RAxML (GTR+G model), based on combined LSU and ITS sequences data and compared. The combined alignment comprises 1442 characters including gaps for 57 ingroup taxa and one outgroup taxon Pleospora herbarum (CBS 191.86). Of the 1442 characters of the combined matrix, 1116 were constant and 220 were parsimony informative.	PMC6726671	PMC6726671.1	24	1-3	STRAIN-ORGANISM:INHABITS	176367	Stemphylium vesicarium	cbs 191.86	ORGANISM	pleospora herbarum	NCBITaxon:119933	Stemphylium vesicarium	0.5109845399856567	0.9125994443893433	0.74475958943367	NCBITaxon:119933	Stemphylium vesicarium
In the case of Alternaria strains, the ITS sequences of the producer strains were aligned to those of the ex-type and representative strains [ 28 , 29 ] using the CLUSTAL_X software [ 30 ]. The species involved and the GenBank accession numbers of their sequences are given in S1 Table . The ITS sequence of the strain CBS 191.86 of Stemphylium herbarum ( KC584239 ) was used as the outgroup. The phylogenetic tree was constructed with the neighbor-joining method using 1,000 bootstrap replicates [ 31 ].	PMC6529008	PMC6529008.1	8	1-4	STRAIN-ORGANISM:INHABITS	176367	Stemphylium vesicarium	cbs 191.86	ORGANISM	stemphylium herbarum	NCBITaxon:119933	Stemphylium vesicarium	0.9946463704109192	0.9609442949295044	0.9291543960571289	NCBITaxon:119933	Stemphylium vesicarium
Moreover, Stemphylium herbarum CBS 191.86 [ 31 ], Talaromyces flavus CBS 310.38 [ 30 ], Cercospora beticola CBS 116,456 [ 56 ] and Neurospora crassa OR74A [ 57 ] were included as outgroups for phylogenetic analysis of Alternaria , Aspergillus and Penicillium , Cladosporium and Fusarium , respectively.	PMC10057975	PMC10057975.1	19	3	STRAIN-ORGANISM:INHABITS	176367	Stemphylium vesicarium	cbs 191.86	ORGANISM	stemphylium herbarum	NCBITaxon:119933	Stemphylium vesicarium	0.9989328980445862	0.9130791425704956	0.8008860945701599	NCBITaxon:119933	Stemphylium vesicarium
(BCRC 10447/ATCC 6633), Listeria monocytogenes (BCRC 14848/ATCC 19114), Acinetobacter baumannii (BCRC 10591/ATCC 19606), Salmonella enterica subspecies . (BCRC 12947/ATCC 13311), Klebsiella pneumoniae (BCRC 16082/ATCC 4352), Penicillium funiculosum (BCRC 30438/ATCC 11797), and Candida albicans (BCRC 21538/ATCC10231).	PMC5369164	PMC5369164.1	10	5-6	STRAIN-ORGANISM:INHABITS	106284	Talaromyces funiculosus	atcc 11797	ORGANISM	penicillium funiculosum	NCBITaxon:28572	Talaromyces funiculosus	0.9996613264083862	0.9855073094367981	0.8210650086402893	NCBITaxon:28572	Talaromyces funiculosus
A strain of Penicillium pinophilum (ATCC 9644) was purchased from LGC Standards GmbH and was used for the production of the enzyme, the PHB-depolymerase. The microorganism was stored in liquid Nitrogen (LN 2 ) for reuse in further enzyme production. As an initial step in the production process of PHB-depolymerase, a preculture, with a volume of 300 mL, was carried out in a mineral salt medium.	PMC4190121	PMC4190121.1	11	1-3	STRAIN-ORGANISM:INHABITS	264453	Talaromyces pinophilus	atcc 9644	ORGANISM	penicillium pinophilum	NCBITaxon:128442	Talaromyces pinophilus	0.9854124188423157	0.7035363912582397	0.909948855638504	NCBITaxon:128442	Talaromyces pinophilus
The enzyme production depends on the culture time and the temperature at which the microorganism grows. According to the literature, the maximum quantity of PHB-depolymerase is being produced in the stationary phase at 30°C [ 10 , 24 ]. The microorganism was cultured at 30°C for 8 days and then the purified enzyme was examined. Table 1 shows the purification results of extracellular PHB-depolymerase from Penicillium pinophilum (ATCC 9644).	PMC4190121	PMC4190121.1	18	1-4	STRAIN-ORGANISM:INHABITS	264453	Talaromyces pinophilus	atcc 9644	ORGANISM	penicillium pinophilum	NCBITaxon:128442	Talaromyces pinophilus	0.9944987893104553	0.8900504112243652	0.8350321650505066	NCBITaxon:128442	Talaromyces pinophilus
In this work, the PHB-depolymerase of Penicillium pinophilum (ATCC 9644) was isolated and purified without using chromatography. Applying gel electrophoresis (SDS-PAGE, 12% polyacrylamide), the molecular weight of the purified enzyme was estimated to be about 35 kDa. The enzyme activity of the isolated enzyme was determined as well. The end result of this research is the use of the isolated enzyme in biodegradation studies of PHB-based products.	PMC4190121	PMC4190121.1	8	1-4	STRAIN-ORGANISM:INHABITS	264453	Talaromyces pinophilus	atcc 9644	ORGANISM	penicillium pinophilum	NCBITaxon:128442	Talaromyces pinophilus	0.9996485710144043	0.7240589261054993	0.8788303434848785	NCBITaxon:128442	Talaromyces pinophilus
Typus . Since no holotype is known herbarium CBS-H-21052 (dried specimen) is here designated as neotype. It is derived from CBS 132704, isolated from aircraft fuel tank from United Kingdom. CBS 370.48 was used by Raper & Thom to describe Penicillium rubrum , but it no longer displays all diagnostic characters.	PMC3589794	PMC3589794.1	32	1-4	STRAIN-ORGANISM:INHABITS	106445	Talaromyces ruber	cbs 370.48	ORGANISM	penicillium rubrum	NCBITaxon:1266769	Talaromyces ruber	0.9989245533943176	0.7861272990703583	0.9105146527290344	NCBITaxon:1266769	Talaromyces ruber
Penicillium varians (CBS 386.48) was purchased from Centraalbureau voor Schimmelcultures, Baarn-Delft (the Netherlands). The culture was maintained according to Haworth et al. [ 1 ], and grown under the conditions previously described, with glucose (5 g/L) as a carbon source according to Bordoni et al. [ 17 ].	PMC3520571	PMC3520571.1	21	1-2	STRAIN-ORGANISM:INHABITS	119985	Talaromyces varians	cbs 386.48	ORGANISM	penicillium varians	NCBITaxon:1131668	Talaromyces varians	0.8676257133483887	0.8905169665813446	0.6609923541545868	NCBITaxon:1131668	Talaromyces varians
Sample “Now” required subcloning into Escherichia coli cells. The results proved that the sample was indeed a mixture. Of 17 clones chosen, 16 almost identical clones were related to species of Scenedesmaceae [e.g., Scenedesmus dimorphus (UTEX417 and UTEX1237) or Acutodesmus obliquus (SAG276-10)]. One clone was related to Chlorella lewinii (strain CCAP211-90). Given the large number of Scenedesmaceae-related clones, these almost certainly account for the dominant features of the “Now” glycan pattern.	PMC8107433	PMC8107433.1	33	1-5	STRAIN-ORGANISM:INHABITS	346257	Tetradesmus obliquus	sag276-10	ORGANISM	acutodesmus obliquus	NCBITaxon:3088	Tetradesmus obliquus	0.9462003111839294	0.9051958322525024	0.8507799804210663	NCBITaxon:3088	Tetradesmus obliquus
The S. dubia strain (SAG 17.86) was obtained from the Culture Collection of Algae at the University of Göttingen, whereas the Tetraselmis sp. strain (CCMP 881) was obtained from the Bigelow National Center for Marine Algae and Microbiota (Maine, USA). For DNA isolation, DNA sequencing and gene annotation, we used the methodologies we previously described for the plastomes of the same algal strains (Turmel et al. 2016 ).	PMC7721006	PMC7721006.1	4	1-2	STRAIN-ORGANISM:INHABITS	211167	Tetraselmis	ccmp 881	ORGANISM	tetraselmis	NCBITaxon:3164	Tetraselmis	0.999873161315918	0.7985932230949402	0.8683104515075684	NCBITaxon:3164	Tetraselmis
It is worth noting that strain CCMP1059 obtained from the Provasoli-Guillard National Centre of Marine Phytoplankton is classified as Thalassiosira sp. (NCMA, https://ncma.bigelow.org/CCMP1059 ). However, upon sequence analysis of the ITS2 region by Argyle et al. (2021b) , it mapped most closely to Cyclotella striata (94.17% identity; Table S1 ).	PMC10595192	PMC10595192.1	16	3-4	STRAIN-ORGANISM:INHABITS	211381	Thalassiosira	ccmp1059	ORGANISM	thalassiosira	NCBITaxon:35127	Thalassiosira	0.9996553659439087	0.9427595734596252	0.9834008812904358	NCBITaxon:35127	Thalassiosira
Secondly, two sequences attributed to T. minima ( DQ093366.1 , CCMP991 and DQ514876 , CCMP990) differed phylogenetically as well. The former was closest to Bacterosira bathyomphala while the latter was closest to CCMP985 ( JX437382 ), Thalassiosira floridana (currently synonymized to T. minima in Hasle [38] . Again, two of these strains had been grown earlier in our Mount Allison lab and we have SEM images for CCMP985 ( Fig. 4B ) and CCMP991 ( Fig. 4C ) .	PMC3448646	PMC3448646.1	24	1-3	STRAIN-ORGANISM:INHABITS	211747	Thalassiosira minima	ccmp985	ORGANISM	thalassiosira floridana	NCBITaxon:340022	Thalassiosira minima	0.9576753973960876	0.7978723049163818	0.9795852899551392	NCBITaxon:340022	Thalassiosira minima
Recently we characterized a twintron-like arrangement (or ‘nested’ intron) at position S1247 in the mitochondrial DNA (mtDNA) small ribosomal subunit ( rns ) gene of Chaetomium thermophilum var. thermophilum La Touche (strain DSM 1495). The external intron encodes a double-motif LAG HEase ORF (I-CthI) which is interrupted by an internal ORF-less group IIA1 intron [ 21 ].	PMC4801052	PMC4801052.1	5	1-2	STRAIN-ORGANISM:INHABITS	112134	Thermochaetoides thermophila	dsm 1495	ORGANISM	chaetomium thermophilum	NCBITaxon:209285	Thermochaetoides thermophila	0.93475341796875	0.8490300178527832	0.8848381042480469	NCBITaxon:209285	Thermochaetoides thermophila
The full-length gene coding for CtSpf1 (Uniprot: G0S4Z4) with two introns was amplified from the genomic DNA of Chaetomium thermophilum (DSM1495) with primers CtSpf1-22b-F and CtSpf1-22b-R. The PCR products were cloned into the pET-22b vector using the NEBbuilder HiFi DNA Assembly Master mix, yielding construct pET-22b-CtSpf1 introns .	PMC11541931	PMC11541931.1	28	1-2	STRAIN-ORGANISM:INHABITS	112134	Thermochaetoides thermophila	dsm1495	ORGANISM	chaetomium thermophilum	NCBITaxon:209285	Thermochaetoides thermophila	0.9996243715286255	0.9644551873207092	0.8881475925445557	NCBITaxon:209285	Thermochaetoides thermophila
Coccidioides immitis (RS) ( Sharpton and Stajich 2009 ) , Thielavia terrestris (NRRL 8126) ( Berka et al. 2011 ) , Myceliophthora thermophile (ATCC 42464) ( Berka et al. 2011 ) , N. crassa (OR74A) ( Galagan et al. 2003 ) , Z. tritici (IPO323) ( Goodwin et al. 2011 ) , Cordyceps militaris (CM01) ( Zheng et al. 2011 ), and L. maculans “brassicae” (v23.1.3) ( Rouxel et al. 2011 ) all have assemblies with <50 scaffolds and we consider these to be of “good quality”.	PMC4943192	PMC4943192.1	33	2	STRAIN-ORGANISM:INHABITS	112214	Thermothelomyces thermophilus	atcc 42464	ORGANISM	myceliophthora thermophila	NCBITaxon:78579	Thermothelomyces thermophilus	0.9998859167098999	0.9881595969200134	0.8377368152141571	NCBITaxon:78579	Thermothelomyces thermophilus
Data derived from BLASTn results using the ITS-rDNA region as a molecular marker showed that isolate M.7.7 had 99% sequence identity with Myceliophthora thermophila strain ATCC 42464. Phylogenetic analyses using the neighbor-joining algorithm indicated that isolate M.7.7 clustered with strain ATCC 42464 and this grouping was confirmed by 99% of bootstrap support ( Figure 5 ).	PMC3768882	PMC3768882.1	23	4-5	STRAIN-ORGANISM:INHABITS	112214	Thermothelomyces thermophilus	atcc 42464	ORGANISM	myceliophthora thermophila	NCBITaxon:78579	Thermothelomyces thermophilus	0.7193343639373779	0.926704466342926	0.7602985501289368	NCBITaxon:78579	Thermothelomyces thermophilus
Myceliophthora thermophila (CBS 866.85) and Rhizomucor pusillus (CBS 354.68) were purchased from the CBS-KNAW collection (Utrecht, The Netherlands). Trichoderma viride (DSM 63065) was purchased from the DSMZ GmbH collection (Braunschweig, Germany).	PMC9785053	PMC9785053.1	47	1-2	STRAIN-ORGANISM:INHABITS	173828	Thermothelomyces thermophilus	cbs 866.85	ORGANISM	myceliophthora thermophila	NCBITaxon:78579	Thermothelomyces thermophilus	0.9981030225753784	0.9829646944999695	0.696397215127945	NCBITaxon:78579	Thermothelomyces thermophilus
Myceliophthora thermophila ATCC 42464 was used as the source of genomic DNA (purchased from ATCC). P. pastoris (strain X-33), E. coli (strain DH5α) and expression vectors pPICZαA are in storage in our laboratory. Yeast extract peptone dextrose (YPD) and buffered minimal glycerol (BMGY) media were used for the cultivation of P. pastoris . Gene expression was induced in buffered minimal methanol medium (BMMY).	PMC5817056	PMC5817056.1	8	1-4	STRAIN-ORGANISM:INHABITS	112214	Thermothelomyces thermophilus	atcc 42464	ORGANISM	myceliophthora thermophila	NCBITaxon:78579	Thermothelomyces thermophilus	0.7924241423606873	0.887753963470459	0.6733647584915161	NCBITaxon:78579	Thermothelomyces thermophilus
Poria placenta (strains AM 36 and AM 38), Inonotus radiatus (AM 70), Armillaria mellea (strains AM 296 and AM 461), Laetiporus sulphureus (strains AM 498 and AM 515) and Pholiota aurivella (AM 522) were obtained from the collection of Wrocław University of Environmental and Life Sciences (Wrocław, Poland). Pycnoporus cinnabarinus (DSM 3022), Pycnoporus cinnabarinus (DSM 15225), Pleurotus sapidus (DSM 8266) and Agrocybe aegerita (DSM 22459) were purchased from DSMZ GmbH collection (Braunschweig, Germany).	PMC10784365	PMC10784365.1	15	1-2	STRAIN-ORGANISM:INHABITS	79402	Trametes cinnabarina	dsm 3022	ORGANISM	pycnoporus cinnabarinus	NCBITaxon:5643	Trametes cinnabarina	0.9990014433860779	0.9777708053588867	0.9538343548774719	NCBITaxon:5643	Trametes cinnabarina
Poria placenta (strains AM 36 and AM 38), Inonotus radiatus (AM 70), Armillaria mellea (strains AM 296 and AM 461), Laetiporus sulphureus (strains AM 498 and AM 515) and Pholiota aurivella (AM 522) were obtained from the collection of Wrocław University of Environmental and Life Sciences (Wrocław, Poland). Pycnoporus cinnabarinus (DSM 3022), Pycnoporus cinnabarinus (DSM 15225), Pleurotus sapidus (DSM 8266) and Agrocybe aegerita (DSM 22459) were purchased from DSMZ GmbH collection (Braunschweig, Germany).	PMC10784365	PMC10784365.1	15	1-2	STRAIN-ORGANISM:INHABITS	399744	Trametes cinnabarina	dsm 15225	ORGANISM	pycnoporus cinnabarinus	NCBITaxon:5643	Trametes cinnabarina	0.9997598528862	0.9757713079452515	0.9564852714538574	NCBITaxon:5643	Trametes cinnabarina
In the strain catalog of NBRC, NBRC 31294 is listed under the name Hypocrea nigricans , which is the synonym for H. lixii ( Chaverri and Samuels, 2002 ). Based on morphological and DNA sequence information, strain THIF08 was identified as T. harzianum .	PMC8209446	PMC8209446.1	25	2-3	STRAIN-ORGANISM:INHABITS	63458	Trichoderma lixii	nbrc 31294	ORGANISM	hypocrea nigricans	NCBITaxon:1491472	Trichoderma lixii	0.9490590691566467	0.978499174118042	0.9864629805088043	NCBITaxon:1491472	Trichoderma lixii
Fungal reference strains were used for the study: Aspergillus niger (ATCC 6275), Chaetomium globosum (ATCC 6205), Gliocladium virens (ATCC 9645), oraz Paecilomyces variotti (ATCC 18502).	PMC8002082	PMC8002082.1	23	1	STRAIN-ORGANISM:INHABITS	264452	Trichoderma virens	atcc 9645	ORGANISM	gliocladium virens	NCBITaxon:29875	Trichoderma virens	0.9999125003814697	0.985207736492157	0.8683856427669525	NCBITaxon:29875	Trichoderma virens
Studies in the following years focused on field samples of Trichodesmium collected from different regions of the Atlantic, Indian, and Pacific Oceans as well as the laboratory strains of T. erythraeum , IMS101 and NIBB1067. Additional to glutaraldehyde and paraformaldehyde, ethanol was also introduced as a fixative compound.	PMC11515819	PMC11515819.1	14	1-2	STRAIN-ORGANISM:INHABITS	212023	Trichodesmium	ims101	ORGANISM	trichodesmium	NCBITaxon:1205	Trichodesmium	0.667323887348175	0.8956435918807983	0.9406426548957825	NCBITaxon:1205	Trichodesmium
Experiments were performed with Trichodesmium erythraeum IMS101, which was isolated from the coastal waters off North Carolina in 1991 ( Prufert-Bebout et al., 1993 ). Cultures were maintained in 0.2 μm sterile-filtered YBC-II growth media, prepared as described in Chen et al. (1996) , with modulation of the KH 2 PO 4 concentration as described below. Cultures were grown at 24°C on a shaker table (80 rpms) in a 12:12 light:dark cycle (∼70 μmol quanta m -2 s -1 ).	PMC6411698	PMC6411698.1	6	1-3	STRAIN-ORGANISM:INHABITS	212023	Trichodesmium	erythraeum ims101	ORGANISM	trichodesmium	NCBITaxon:1205	Trichodesmium	0.9994621872901917	0.7191317677497864	0.8010305166244507	NCBITaxon:1205	Trichodesmium
Indeed, the strains of Trichodesmium erythraeum commonly used in culture studies, i.e., NIBB1067 and IMS101, were collected from the coastal waters of Japan and North Carolina, respectively (Ohki and Fujita, 1982 ; Prufert-Bebout et al., 1993 ), where surface water DIN concentrations are at least episodically elevated.	PMC3476826	PMC3476826.1	15	2	STRAIN-ORGANISM:INHABITS	212023	Trichodesmium	ims101	ORGANISM	trichodesmium	NCBITaxon:1205	Trichodesmium	0.9716985821723938	0.7125634551048279	0.9833231568336487	NCBITaxon:1205	Trichodesmium
Trichodesmium erythraeum IMS101 cells were acquired from the Bigelow Laboratory for Ocean Sciences (East Boothbay, ME, USA). They were grown in an New Brunswick (Hamburg, Germany) Innova 44R incubator at 24 °C with 80 μE/m 2 /s with 12h light/12h dark cycles. Cells were grown in artificial seawater YBC-II medium [ 44 ] at pH 8.15-8.20. Where specified, KNO 3 was added to final concentration of 100 μM. All chemicals were obtained from Sigma-Aldrich (St. Louis, MO).	PMC5244712	PMC5244712.1	32	1-6	STRAIN-ORGANISM:INHABITS	212023	Trichodesmium	erythraeum ims101	ORGANISM	trichodesmium	NCBITaxon:1205	Trichodesmium	0.999480664730072	0.6719745397567749	0.6864080429077148	NCBITaxon:1205	Trichodesmium
Trichodesmium erythraeum IMS101 ( Trichodesmium ) was grown on an orbital shaker (150 rpm) under a 12h dark: 12h light cycle (ca. 130 μmol photons m -2 s -1 ) in modified YBC-II medium ( Polyviou et al., 2015 ; Snow et al., 2015a ) having a final EDTA concentration of 20 μM ( Hong et al., 2017 ).	PMC5776111	PMC5776111.1	7	1-2	STRAIN-ORGANISM:INHABITS	212023	Trichodesmium	erythraeum ims101	ORGANISM	trichodesmium	NCBITaxon:1205	Trichodesmium	0.9767802357673645	0.7903586030006409	0.6927437782287598	NCBITaxon:1205	Trichodesmium
Clean reads were obtained from raw data by removing reads containing adapter, ploy-N and low-quality read. Qualified sequences were mapped to the Trichodesmium erythraeum IMS101 genome ( https://www.ncbi.nlm.nih.gov/nuccore/NC_008312.1 ) by using Bowtie2-2.2.3 53 . Differential expression analysis for high/low pCO 2 with P limitation was performed using the DESeq2 R package 54 . The resulting p -values were adjusted using Benjamini and Hochberg’s approach for controlling the false discovery rate.	PMC9640675	PMC9640675.1	29	1-4	STRAIN-ORGANISM:INHABITS	212023	Trichodesmium	erythraeum ims101	ORGANISM	trichodesmium	NCBITaxon:1205	Trichodesmium	0.9942697286605835	0.7079334259033203	0.6558948755264282	NCBITaxon:1205	Trichodesmium
An A. macleodii strain , previously isolated from T. erythraeum IMS101 cultures, was shown to benefit from the demise of Trichodesmium ( 43 , 57 ), possibly suggesting a more complex interactive relationship between Trichodesmium and siderophore-producing bacteria.	PMC10734445	PMC10734445.1	14	3	STRAIN-ORGANISM:INHABITS	212023	Trichodesmium	t. erythraeum ims101	ORGANISM	trichodesmium	NCBITaxon:1205	Trichodesmium	0.9926398992538452	0.8442568778991699	0.7281960546970367	NCBITaxon:1205	Trichodesmium
After optimization using the EUB probe, we applied the protocol to investigate rbcL gene expression patterns in Trichodesmium as an example of mRNA transcriptional detection. Our analysis revealed heterogeneous rbcL gene expression in T. erythraeum IMS101 strain, with cells located in the middle of filaments showing no expression ( Figure 5 A).	PMC12681788	PMC12681788.1	45	1-2	STRAIN-ORGANISM:INHABITS	212023	Trichodesmium	t. erythraeum ims101	ORGANISM	trichodesmium	NCBITaxon:1205	Trichodesmium	0.9913138747215271	0.9681090712547302	0.7121003866195679	NCBITaxon:1205	Trichodesmium
Oligonucleotides were purchased from IDT. Gene blocks for CRISPR arrays were purchased from Twist Biosciences. The R6K plasmid for mate-out transposition assays was obtained from Addgene (#64968) 71 . The type I-F Vibrio cholerae HE-45 CAST was sub-cloned from Addgene (#130637 and #130633) 14 . The type V Scytonema hofmanni (Sh)CAST was obtained from Addgene (#127922) 15 . The type I-B Anabaena variabilis ATCC 29413 CAST was sub-cloned from Addgene (#168137) 16 .	PMC11300857	PMC11300857.1	28	1-6	STRAIN-ORGANISM:INHABITS	39514	Trichormus variabilis	atcc 29413	ORGANISM	anabaena variabilis	NCBITaxon:264691	Trichormus variabilis	0.9997842907905579	0.6778126955032349	0.7086663842201233	NCBITaxon:264691	Trichormus variabilis
In this study, we observed the life cycle, performed comparative transcriptomics, and sequenced a draft genome of Trichosphaerium sp. ATCC © 40318 ™ (referred hereafter as Trichosphaerium sp.). This isolate was originally collected from a seaweed ( Sargassum muticum ) from Alegria Beach, Hollister Ranch, Santa Barbara, California (ATCC.org). Although this isolate was collected from seaweed samples, it was grown in our laboratory using bacteria as sole food source.	PMC10521059	PMC10521059.1	7	1-3	STRAIN-ORGANISM:INHABITS	350723	Trichosphaerium	sp. atcc © 40318	ORGANISM	trichosphaerium	NCBITaxon:498011	Trichosphaerium	0.5095202922821045	0.8176683187484741	0.7856521010398865	NCBITaxon:498011	Trichosphaerium
In this study, we observed the life cycle, performed comparative transcriptomics, and sequenced a draft genome of Trichosphaerium sp. ATCC © 40318 ™ (referred hereafter as Trichosphaerium sp.). This isolate was originally collected from a seaweed ( Sargassum muticum ) from Alegria Beach, Hollister Ranch, Santa Barbara, California (ATCC.org). Although this isolate was collected from seaweed samples, it was grown in our laboratory using bacteria as sole food source.	PMC10521059	PMC10521059.1	7	1-3	STRAIN-ORGANISM:INHABITS	350723	Trichosphaerium	sp. atcc © 40318	ORGANISM	trichosphaerium	NCBITaxon:498011	Trichosphaerium	0.5652987360954285	0.7992051839828491	0.7856521010398865	NCBITaxon:498011	Trichosphaerium
Notes : Based on the NCBI BLASTn search results of the ITS, LSU and SSU sequences, Scolecoleotia eriocamporesi (strains IT3027A and IT3027B) showed 92% similarity with Urceolella carestiana (CBS 319.71), 96.26% similarity with Leotiomycetes sp. (BY-2018b) and 99.36% similarity with Dicephalospora rufocornea (MFLU 18-1827), respectively. Vu et al. ( 2019 ) obtained the sequence data of Unguicularia carestiana (= Urceolella carestiana strain CBS 319.71) from Müller’s collection (ETH 755, Switzerland).	PMC8648402	PMC8648402.1	984	1-2	STRAIN-ORGANISM:INHABITS	163452	Urceolella carestiana	cbs 319.71	ORGANISM	unguicularia carestiana	NCBITaxon:1071721	Urceolella carestiana	0.968020498752594	0.7445350885391235	0.8410012125968933	NCBITaxon:1071721	Urceolella carestiana
CBS 492.91 [[Chrysosporium botryoides]]	PMC4910497	PMC4910497.1	738	1	STRAIN-ORGANISM:INHABITS	79023	Xerochrysium xerophilum	cbs 492.91	ORGANISM	chrysosporium botryoides	NCBITaxon:1431126	Xerochrysium xerophilum	0.9998476505279541	0.8466916084289551	0.8656546473503113	NCBITaxon:1431126	Xerochrysium xerophilum
Zygnema sp. (SAG 2419), previously isolated from a sandy shore near the river Saalach in Salzburg, Austria, was used for the experiments. The alga was either cultivated for one month in liquid Waris-H medium ( McFadden & Melkonian 1986 ) or on 1.5% agar plates, containing BBM medium, as previously described by Herburger et al. (2015) . The algal strain clusters in phylogenetic analysis close to Zygnema circumcarinatum ( Herburger and Holzinger 2015 ), thus, we use this species name in the present study.	PMC5722205	PMC5722205.1	36	1-3	STRAIN-ORGANISM:INHABITS	395366	Zygnema	sag 2419	ORGANISM	zygnema	NCBITaxon:43951	Zygnema	0.9907855987548828	0.7449936866760254	0.8024358153343201	NCBITaxon:43951	Zygnema
The recency of the endosymbiosis matches with the observation that it is facultative and the prediction that endosymbiosis evolves higher dependence over time, and from a facultative to an obligate interaction ( Estrela et al. 2016 ). The young age of the phenotype could also help account for the observation that the genome expansion of M. tetrahymenae is a characteristic that evolved rapidly, at least in the context of the Chlorella and Micractinium clade, since its divergence from M. sp. CCAP 211/92.	PMC11834939	PMC11834939.1	20	4-5	STRAIN-ORGANISM:SYMBIONT_OF	345780	Chlorella	m. sp. ccap 211/92	ORGANISM	chlorella	NCBITaxon:3071	Chlorella	0.9345147609710693	0.7861313819885254	0.9027827978134155	NCBITaxon:3071	Chlorella
However, in a coculture of Symbiodinium strain CCMP2456 and common coral bacterial symbiont Endozoicomonas montiporae strain LMG24815, there was no measurable difference in coculture production rates compared to those in isolated cells ( 33 ), suggesting that symbiont interactions may not greatly affect superoxide production, at least under those conditions. Alternatively, coral and/or bacterial superoxide may be rapidly degraded within the mucus via reaction with organic carbon or metals.	PMC8546993	PMC8546993.1	22	13-14	STRAIN-ORGANISM:SYMBIONT_OF	212297	Symbiodinium	ccmp2456	ORGANISM	symbiodinium	NCBITaxon:2949	Symbiodinium	0.605574905872345	0.8234455585479736	0.8250634670257568	NCBITaxon:2949	Symbiodinium
Trichodesmium colonies are usually symbiotic with heterotrophic epibionts and other microorganisms including diatoms, proteobacteria, and other cyanobacteria ( 103 – 106 ). As the IMS101 culture was not stringently axenic in this study, some symbionts may assist the Fe absorption and storage of Trichodesmium under the HFe condition, while there is a competition between them for Fe utilization under the LFe condition.	PMC12090762	PMC12090762.1	26	7-8	STRAIN-ORGANISM:SYMBIONT_OF	212023	Trichodesmium	ims101	ORGANISM	trichodesmium	NCBITaxon:1205	Trichodesmium	0.7622913718223572	0.8749147057533264	0.9643285274505615	NCBITaxon:1205	Trichodesmium
Trichodesmium colonies are usually symbiotic with heterotrophic epibionts and other microorganisms including diatoms, proteobacteria, and other cyanobacteria ( 103 – 106 ). As the IMS101 culture was not stringently axenic in this study, some symbionts may assist the Fe absorption and storage of Trichodesmium under the HFe condition, while there is a competition between them for Fe utilization under the LFe condition.	PMC12090762	PMC12090762.1	26	7-8	STRAIN-ORGANISM:SYMBIONT_OF	212023	Trichodesmium	ims101	ORGANISM	trichodesmium	NCBITaxon:1205	Trichodesmium	0.7642324566841125	0.8756439089775085	0.9643285274505615	NCBITaxon:1205	Trichodesmium
However, since no other B 12 biosynthesis genes were detected in heterotrophic transcripts other than btuR , this opens the door for further investigation pertaining to the sources and sinks of cobalamins between Trichodesmium and its heterotrophic epibionts. A recent genome analysis of IMS101 heterotrophic epibionts revealed that an associated Alteromonas macleodii genome from this isolate is indeed a B 12 auxotroph (Lee et al., 2017a ).	PMC5816740	PMC5816740.1	17	4-5	STRAIN-ORGANISM:SYMBIONT_OF	212023	Trichodesmium	ims101	ORGANISM	trichodesmium	NCBITaxon:1205	Trichodesmium	0.6590229272842407	0.9145641326904297	0.9401348233222961	NCBITaxon:1205	Trichodesmium
