_sample_hash	article_version	candidate_id	end	end_strain	ner	ner_score	ontology	ontology_candidate_count	ontology_id	ontology_label	ontology_match_confidence	ontology_match_method	ontology_status	paragraph	pmcid	rel	review_rank	review_tier	score_rel	score_strain	seeded_entities	seeded_relations	seeded_skipped_relations	sentence_range	start	start_strain	straininfo_method	straininfo_si_id	straininfo_status	straininfo_taxon	text	word	word_qc_group	word_strain	word_strain_qc
1409583826953610	PMC4585962.1	pmc_candidate_05a7cbe8aaa214	225	194	COMPOUND	0.7656570672988892	CHEBI	1	CHEBI:48081	bacteriocin	1.0	direct_exact	matched	8	PMC4585962	COMPOUND-STRAIN:INHIBITS	1	entity_tension	0.9998859167098999	0.9965279996395111	6	4	0	5	214	165	contained_bounded	132005	unique	Staphylococcus pseudintermedius	Interestingly, the bacteriocin-producing strain, S. pseudintermedius 222, was also susceptible to BacSp222 (MIC 2.1 μM); however, the growth of a nonproducer strain S. pseudintermedius LMG 22219 was inhibited by a bacteriocin concentration more than ten-fold lower (MIC 0.16 μM).	bacteriocin	bacteriocin	s. pseudintermedius lmg 22219	s. pseudintermedius lmg 22219
5508881829473304	PMC5174152.1	pmc_candidate_aff59678cf04e5	414	249	COMPOUND	0.9708693027496338		0					unmatched	19	PMC5174152	COMPOUND-STRAIN:INHIBITS	2	entity_tension	0.9974639415740967	0.8104535937309265	6	4	0	1-3	400	239	exact	125614	unique	Staphylococcus aureus subsp. aureus	Cinnamaldehyde was active against all strains of E. faecalis and S. aureus , including those with a multidrug resistance phenotype ( Table 2 ). MIC values were of 0.25 mg/ml for all tested strains, except for the S. aureus standard strain ATCC 25923 (MIC value of 0.5 mg/ml). MBC values were of 1.0 mg/ml to all strains, 2–4-fold higher than each respective MIC, indicating a bactericidal action for cinnamaldehyde ( Table 2 ).	cinnamaldehyde	cinnamaldehyde	atcc 25923	atcc 25923
5850963939958606	PMC13112376.1	pmc_candidate_7a012dd340e221	130	94	COMPOUND	0.8065607845783234		0					unmatched	29	PMC13112376	COMPOUND-STRAIN:INHIBITS	3	entity_tension	0.9997346997261047	0.996066153049469	9	6	0	5-6	126	74	contained_bounded	125614	unique	Staphylococcus aureus subsp. aureus	Specifically, for the three Gram-positive bacterial strains ( S. aureus , S. aureus ATCC 25923 , and B. subtilis CMCC 63501 ) D-A4 exhibited antibacterial activity comparable to that of A4, whereas the triazole-substituted peptides displayed a 2-4-fold reduction in antibacterial activity. Among the triazole-substituted peptides, A4-T3 displayed the most potent antibacterial activity.	d-a4	d-a4	s. aureus atcc 25923	s. aureus atcc 25923
9069581950820280	PMC3536784.1	pmc_candidate_4efaae82785295	310	358	COMPOUND	0.5940675139427185		0					unmatched	35	PMC3536784	STRAIN-COMPOUND:DEGRADES	4	entity_tension	0.9664104580879211	0.9756645560264587	4	3	0	4-5	307	353	exact	48745	unique	Pseudomonas furukawaii	These observations may explain the reactivity of BPDO B356 with a broad range of recalcitrant PCB congeners on the basis of facility of aromatic substrate binding alone. By extension, our comparative analysis of these active sites provides a structure-based explanation for the reactivity of related potent PCB degrading ROs such as BPDO LB400 and BPDO KF707 .	pcb	pcb	kf707	kf707
26805401606251853	PMC3894278.1	pmc_candidate_82b5501dcecaaf	250	51	COMPOUND	0.7690119445323944		0					unmatched	3	PMC3894278	STRAIN-COMPOUND:DEGRADES	5	entity_tension	0.9748451709747314	0.992989182472229	12	27	0	1	227	42	exact	406473	unique	Kurthia huakuii	Kurthia huakuii LAM0618 T (ACCC 06121 T = JCM 19187 T ), a Gram-positive, motile, non-spore-forming, short-rod-shaped, and facultative anaerobic bacterium isolated from biogas slurry ( 1 ), was found to be capable of degrading sulfonylurea herbicides ( 2 ), acetochlor, and alkanes and decolorizing triphenylmethane dyes, and it may provide new insights into bioremediation applications.	sulfonylurea herbicides	sulfonylurea herbicides	jcm 19187	jcm 19187
29163018532615958	PMC7285258.1	pmc_candidate_16f0d688f7edb5	47	82	COMPOUND	0.8061606287956238	CHEBI	1	CHEBI:17847	p-cresol	0.98	direct_normalized	matched	40	PMC7285258	STRAIN-COMPOUND:DEGRADES	6	entity_tension	0.9412505030632019	0.9965008199214935	5	2	0	3	38	58	contained_bounded	48511	unique	Pseudomonas benzenivorans	Similarly to benzene, toluene and the p -cresol degrading P. benzenivorans DSM8628 [ 53 ], three genes–glutamine amidotransferase, glutathione S-transferase and the glutathione-dependent formaldehyde dehydrogenase ( Figure 3 b)—are inserted between the tmoX and tmoF genes of the tol operon of ICTN13, sharing an identity of 94%–98%.	p -cresol	p -cresol	p. benzenivorans dsm8628	p. benzenivorans dsm8628
1264111866906707	PMC10552308.1	pmc_candidate_8696ab1f37b9a1	55	247	COMPOUND	0.878217339515686		0					unmatched	25	PMC10552308	STRAIN-COMPOUND:PRODUCES	7	entity_tension	0.9308364987373352	0.7325682441393534	9	8	0	1-2	53	223	contained_bounded	397918	unique	Streptomyces albidoflavus	This study suggests that MSH regulates intracellular NO homeostasis by promoting MSNO formation. MSH-mediated maintenance of NO homeostasis, which is dependent on intracellular NO levels, is important for ACT production in S. coelicolor A3(2) M145 under NO-producing conditions (Fig. 5 ).	no	no	s. coelicolor a3(2) m145	s. coelicolor a3(2) m145
3360297633245418	PMC12657383.1	pmc_candidate_8cb6de42aedcfb	49	72	COMPOUND	0.76810622215271		0					unmatched	26	PMC12657383	STRAIN-COMPOUND:PRODUCES	8	entity_tension	0.9968944787979126	0.8349883556365967	2	1	0	3	46	53	contained_bounded	44210	unique	Halobacterium	Yan et al. [ 69 ] modified the biosynthesized GVs of Halobacterium NRC-1 with PEG to prepare PEG-GVs. The PEG-GVs exhibited lower clearance by RES macrophages and a longer circulation time, resulting in improved contrast imaging in vivo .	gvs	gvs	halobacterium nrc-1	halobacterium nrc-1
4949916161478587	PMC7356639.1	pmc_candidate_c9cb6e193b70c5	33	62	COMPOUND	0.7954805195331573		0					unmatched	30	PMC7356639	STRAIN-COMPOUND:PRODUCES	9	entity_tension	0.9856215119361877	0.9946756064891815	5	2	0	5-6	27	53	exact	307955	unique	Hahella	The authors suggested that PG-L-1 produced by strain MS-02-063 is controlled by the homoserine lactone quorum sensing. This bacterium and other algicidal bacteria may be effective in regulating the blooms of harmful flagellate algae through the quorum sensing system [ 149 ].	pg-l-1	pg-l-1	ms-02-063	ms-02-063
6217801997373639	PMC12620391.1	pmc_candidate_f52a8553f9d42d	149	80	COMPOUND	0.9848877191543579	CHEBI	1	CHEBI:15882	phenol	1.0	direct_exact	matched	48	PMC12620391	STRAIN-COMPOUND:RESISTS	10	entity_tension	0.9996800422668457	0.8162708878517151	5	6	0	4	143	75	exact	113317	unique	Bacillus	This was followed by PN 35 (6.50 Log CFU/mL), PN 63 (6.54 Log CFU/mL), and PN 67 (6.38 Log CFU/mL), which also exhibited notable resistance to phenol compared to the other isolates.	phenol	phenol	pn 67	pn 67
6975859757226645	PMC6210005.1	pmc_candidate_fba6779b95c881	366	23	COMPOUND	0.9912844896316528	CHEBI	1	CHEBI:161680	aztreonam	1.0	direct_exact	matched	20	PMC6210005	STRAIN-COMPOUND:RESISTS	11	entity_tension	0.9995272159576416	0.5514563918113708	10	9	0	7-10	357	13	exact	49592	unique	Staphylococcus aureus	Typhimurium (Copenhagen) (98.4% of isolates), and S. Agona (83.3% of isolates) showed resistance to five or more antibiotics [ 53 ]. S. Typhimurium isolates from cattle were found to be associated with Salmonella infection in humans, and were resistant to ampicillin, sulfisoxazole, kanamycin, and streptomycin, as well as to broad-spectrum cephalosporins, aztreonam, cefoxitin, gentamicin, and tobramycin [ 54 ].	aztreonam	aztreonam	copenhagen	copenhagen
13147434945350886	PMC11675739.1	pmc_candidate_61f15ea8b7033a	205	255	COMPOUND	0.9841706156730652	CHEBI	1	CHEBI:6827	methicillin	1.0	direct_exact	matched	22	PMC11675739	STRAIN-COMPOUND:RESISTS	12	entity_tension	0.9965503215789795	0.7823674082756042	6	4	0	1-2	194	245	exact	13985	unique	Staphylococcus aureus subsp. aureus	Six reference strains were utilized in this study, graciously provided by the Algerian Pasteur Institute. These strains included methicillin-susceptible Staphylococcus aureus (MSSA) ATCC 25923, methicillin-resistant Staphylococcus aureus (MRSA) ATCC 43300, Pseudomonas aeruginosa ATCC 27853, Candida albicans ATCC 10231, Candida albicans ATCC 26709, and Candida albicans IPP444.	methicillin	methicillin	atcc 43300	atcc 43300
10461447955124726	PMC6973258.1	pmc_candidate_30421a46ddad43	90	74	DISEASE	0.8056401014328003		0					unmatched	1	PMC6973258	STRAIN-DISEASE:ASSOCIATED_WITH	13	entity_tension	0.9424007534980774	0.991636723279953	2	1	0	1	78	28	contained_bounded	39654	unique	Escherichia coli	The therapeutic efficacy of Bifidobacterium animalis subsp. lactis BB‐12 ® in infant colic: A randomised, double blind, placebo‐controlled trial	infant colic	infant colic	bifidobacterium animalis subsp. lactis bb‐12 ®	bifidobacterium animalis subsp. lactis bb-12 ®
14950077156725206	PMC13168475.1	pmc_candidate_9646deb87d083a	379	165	DISEASE	0.7814087867736816	MONDO	1	MONDO:0001549	hemolytic-uremic syndrome	0.99	direct_exact	matched	5	PMC13168475	STRAIN-DISEASE:ASSOCIATED_WITH	14	entity_tension	0.8974258899688721	0.7041535377502441	11	7	0	3-4	376	161	exact	362271	unique	Paraliobacillus ryukyuensis	The emergence of STEC as a significant enteric foodborne zoonotic pathogen has profound implications for global public health 12 , 17 , 18 . The top seven STEC (O157, O26, O45, O103, O111, O121, and O145) serotypes are recognized as significant human pathogens, capable of inducing a spectrum of severe illnesses, including hemorrhagic colitis, and hemolytic uremic syndrome (HUS) 19 , 20 .	hus	hus	o157	o157
15955649894553586	PMC3895560.1	pmc_candidate_166a577731db36	77	346	DISEASE	0.7932310104370117		0					unmatched	21	PMC3895560	STRAIN-DISEASE:ASSOCIATED_WITH	15	entity_tension	0.9479139447212219	0.6572063565254211	3	2	0	4-6	64	339	contained_bounded	362271	unique	Paraliobacillus ryukyuensis	For example, STEC strains lacking eae gene were responsible for human illness outbreaks in the United States and Australia ( 33 – 35 ). This study did not reveal any instance of O157:H7 STEC, which is in accord with some data from Canada, Australia and the UK (Scotland) ( 21 , 29 , 36 ). However, there are several reports of presence of O157:H7 STEC in raw milk in other studies ( 37 , 38 ).	human illness	human illness	o157:h7	o157:h7
2268052984543609	PMC10607699.1	pmc_candidate_9d0005eab31958	212	233	DISEASE	0.8031674027442932		0					unmatched	13	PMC10607699	STRAIN-DISEASE:INHIBITS	16	entity_tension	0.9313689470291138	0.9524919390678406	9	5	0	4-6	195	228	exact	395911	unique	Sphingomonas paucimobilis	The biocontrol activity of strain T 382 has been consistently demonstrated in tomato plants by its significant action against Xanthomonas euvesicatoria Jones, emnd, Constantin 110c, which causes bacterial spot of tomato. Strain T 382 induces resistance in tomato plants by modulating gene expression in tomato leaves. The expressed genes were responsible for functions such as biotic and abiotic stress responses and RNA, DNA, and protein metabolism.	bacterial spot of	bacterial spot	t 382	t 382
24586999376694566	PMC12652458.1	pmc_candidate_2595a31fc2f06c	132	361	DISEASE	0.7764091193675995	MONDO	1	MONDO:0700226	food allergy	1.0	direct_exact	matched	29	PMC12652458	STRAIN-DISEASE:INHIBITS	17	entity_tension	0.9223775863647461	0.9973230361938477	9	7	0	1-2	120	343	contained_bounded	121907	unique	Botrytis allii	Short-chain fatty acids (SCFAs) represent crucial intestinal metabolites that potentially influence the pathogenesis of food allergy. Our findings ( Figure 7 A–E) demonstrated significant increases in acetic acid, butyric acid, propionic acid, and pentanoic acid levels following probiotic administration, with Lactobacillus acidophilus NCFM, L. rhamnosus HN001, and Bifidobacterium lactis HN019 showing particularly pronounced effects.	food allergy	food allergy	l. rhamnosus hn001	l. rhamnosus hn001
27740649958458391	PMC3265429.1	pmc_candidate_a30cfacbd60181	190	29	DISEASE	0.8111510872840881		0					unmatched	4	PMC3265429	STRAIN-DISEASE:INHIBITS	18	entity_tension	0.983955442905426	0.9956675469875336	3	2	0	1-2	156	0	contained_bounded	39654	unique	Escherichia coli	Bifidobacterium lactis Bb12 ® increased secretory IgA output in faeces. This property may explain the ability of probiotics to prevent gastrointestinal and lower respiratory tract infections.	lower respiratory tract infections	lower respiratory tract infections	bifidobacterium lactis bb12 ®	bifidobacterium lactis bb12 ®
102785032705675	PMC10433979.1	pmc_candidate_7f39b4eb2644ff	174	108	ISOLATE	0.6776808500289917		0					unmatched	27	PMC10433979	STRAIN-ISOLATE:INHABITS	19	entity_tension	0.999953031539917	0.9958072602748871	7	3	0	9-12	161	99	exact	282951	unique	Bombiscardovia nodaiensis	Cells grow well at 30°C to 37°C. The DNA G+C content is 57.6 mol%. The type strain is Kim37-2 T (= JCM 35346 T = DSM 114342 T ). This strain was isolated from a carpenter bee, Xylocopa appendiculata circumvolans (Japanese common name: kimunekumabachi ), collected at Tokyo University of Agriculture on July 7, 2017.	carpenter bee	carpenter bee	jcm 35346	jcm 35346
3004822969423107	PMC12824875.1	pmc_candidate_3120af30e11457	278	240	ISOLATE	0.6747969686985016		0					unmatched	30	PMC12824875	STRAIN-ISOLATE:INHABITS	20	entity_tension	0.9999549388885498	0.9781151413917542	7	4	0	1-2	258	232	contained_bounded	292185	unique	Acetobacter ghanensis	Notably, Samples 5_S99, A_S80, and B_S81, which were isolated from UTIs in Benin, harbored a greater abundance of Col and Inc plasmid groups, particularly Col440I_1 and IncF [ 27 ] as observed in Figure 5 . In contrast, the isolate 430A_S42, obtained from a cervical cancer case in Togo, did not possess any Col plasmids.	cervical cancer case	cervical cancer case	430a_s42	430a_s42
8863131831242546	PMC11294650.1	pmc_candidate_c3ff731bbf771f	138	280	ISOLATE	0.7082953155040741	ENVO	1	ENVO:00001998	soil	1.0	direct_exact	matched	2	PMC11294650	STRAIN-ISOLATE:INHABITS	21	entity_tension	0.9999463558197021	0.9949504137039185	11	30	0	1-2	133	276	exact	126439	unique	Pseudoalteromonas aliena	Three Gram-stain-positive, aerobic, rod-shaped, and non-motile bacteria, labelled as W11 T , SW19 T , and YR1 T , were isolated from soil, and performed their polyphasic taxonomic investigation. The phylogenetic and 16S rRNA gene sequence analysis showed that strains W11 T , SW19 T , and YR1 T belonged to the genera Agromyces , Rathayibacter , and Nocardioides , respectively.	soil,	soil,	sw19	sw19
1520034726993052	PMC12197360.1	pmc_candidate_5b505a0d61cc7d	376	191	MEDIUM	0.7857817113399506		0					unmatched	9	PMC12197360	STRAIN-MEDIUM:GROWS_ON	22	entity_tension	0.8756807446479797	0.9776695668697357	7	1	0	3-5	369	184	contained_bounded	362271	unique	Paraliobacillus ryukyuensis	Based on the PCR results, GNB was the better enrichment medium for both non-treated and mitomycin C-treated stool samples (Ct values: TSB > GNB, Table 3 ). Only two stool samples with O157:H7 stx1a/stx2a (ID #2) and O26:H11 stx1a (ID #5) showed better growth in TSB under non-treated or mitomycin C-treated conditions ( Table 3 ). Considering potential sampling error, TSB-GNB < −1 was not considered as a treatment effect.	tsb-gnb	tsb-gnb	o157:h7	o157:h7
4322909763523095	PMC5352709.1	pmc_candidate_4ba7fe5d49a019	111	41	MEDIUM	0.7219571471214294		0					unmatched	9	PMC5352709	STRAIN-MEDIUM:GROWS_ON	23	entity_tension	0.8859772682189941	0.9957343637943268	8	1	0	1	109	32	exact	400727	unique	Paludisphaera borealis	Paludisphaera borealis PX4 T (= DSM 28747 T = VKM B-2904 T ) was grown in shaking liquid cultures at 24°C in M2 medium of the following composition (g l -1 distilled water): KH 2 PO 4 , 0.1; (NH 4 ) 2 SO 4 , 0.1; MgSO 4 × 2H 2 O, 0.1; CaCl 2 × 2H 2 O, 0.02; yeast extract (Difco), 0.02; glucose (Sigma), 0.5; mineral salt solution “44,” 1 ml ( Staley et al., 1992 ); pH 5.5–5.8.	m2	m2	dsm 28747	dsm 28747
4776854392202610	PMC13154546.1	pmc_candidate_5d15d23a522201	248	90	MEDIUM	0.7770220339298248		0					unmatched	13	PMC13154546	STRAIN-MEDIUM:GROWS_ON	24	entity_tension	0.9460012316703796	0.9910984933376312	5	4	0	3	214	71	contained_bounded	398235	unique	Nocardiopsis terrae	Cultural characteristics of strain ZS3416R2A and its closest relative, N. terrae DSM 45157 T (obtained from the German Collection of Microorganisms and Cell Cultures, DSMZ, Braunschweig, Germany), were assessed on International Streptomyces Project (ISP) media supplemented with 4% NaCl after 14 days of incubation at 30 °C.	international streptomyces project	international streptomyces project 2	n. terrae dsm 45157	n. terrae dsm 45157
6238510268838370	PMC11167310.1	pmc_candidate_386b4407c44628	15	112	ORGANISM	0.8026139736175537		0					unsupported	18	PMC11167310	STRAIN-ORGANISM:INFECTS	25	entity_tension	0.9742884635925293	0.942430853843689	3	1	0	7-8	0	107	exact	100088	unique	Streptococcus pneumoniae	Adult zebrafish model for pneumococcal meningitis has been evolved by the injection of pneumococcal strain TIGR4, which caused infection by its infiltration of the blood–brain barrier and induced disease progression. Moreover, infection with mutant bacteria has no virulent component in them attenuated in the disease model [ 107 ].	adult zebrafish	adult zebrafish	tigr4	tigr4
8149921247251021	PMC10865975.1	pmc_candidate_ed535a90a90d7a	108	198	ORGANISM	0.7159595191478729		0					unsupported	38	PMC10865975	STRAIN-ORGANISM:INFECTS	26	entity_tension	0.988244891166687	0.9751140475273132	4	2	0	1-3	90	193	exact	100088	unique	Streptococcus pneumoniae	To model the evolution of fluoroquinolone resistance in vivo , three groups of 7-week-old female BALB/c mice (Jackson Laboratory) were intranasally infected with 100 µL containing 10 6 CFUs of TIGR4. This inoculum was chosen to permit a large enough population to be recovered for downstream applications while ensuring mouse survival. Six hours post-infection, mice were administered levofloxacin intraperitoneally.	female balb/c mice	female balb/c mice	tigr4	tigr4
10546774796847573	PMC6988789.1	pmc_candidate_45a071399a85fe	81	53	ORGANISM	0.7774635255336761		0					unsupported	9	PMC6988789	STRAIN-ORGANISM:INFECTS	27	entity_tension	0.950456976890564	0.8695757687091827	5	6	0	1-2	73	45	contained_bounded	404261	unique	Chlamydia trachomatis	Chlamydia trachomatis 434/Bu, D/UW-3/CX, and A/HAR-13 were propagated in HeLa 229 cells (American Type Culture Collection) and infectious EBs were purified using a renografin density gradient as previously described (Caldwell et al., 1981 ). Work with all chlamydial strains was conducted in a BSL2 in accordance with guidelines set by the University of Iowa biosafety committee.	hela 229	hela 229	a/har-13	a/har-13
7811590737847985	PMC10301978.1	pmc_candidate_541b78b13989e2	369	347	ORGANISM	0.9773439466953278		0					unsupported	55	PMC10301978	STRAIN-ORGANISM:INHIBITS	28	entity_tension	0.9806178212165833	0.5706700682640076	4	2	0	3-4	352	322	contained_bounded	260038	unique	Cryptococcus neoformans	The linear peptides exhibited MIC values ranging from 64 to >512 µg/mL, while the cyclic peptides showed MIC values ranging from 32 to 512 µg/mL Generally, the cyclic peptides displayed greater activity compared to their linear counterparts. Moreover, all the tested compounds displayed potent antifungal activity against C. neoformans ATCC 52,817 and C. neoformans H99, with MIC values ranging from 4 to 16 µg/mL.	c. neoformans h99	c. neoformans h99	c. neoformans atcc 52,817	c. neoformans atcc 52,817
37641642694035625	PMC6271775.1	pmc_candidate_b7e91000dd8a12	196	235	ORGANISM	0.9158634543418884		0					unsupported	8	PMC6271775	STRAIN-ORGANISM:INHIBITS	29	entity_tension	0.9808576107025146	0.7755201458930969	8	12	0	4-5	168	211	contained_bounded	52479	unique	Cryptococcus neoformans	In addition, ( E )-2-(( E )-1-methoxy-3-phenylallylidene)-4-methylcyclopent-4-ene-1,3-dione ( 17 in Figure 2 ) exhibited varying degrees of antifungal activity against fungi C. albicans ATCC 90028 (2.08 µg/mL), C. neoformans ATCC 90113 (8.33 µg/mL) and A. fumigatus ATCC 90906 (>20 µg/mL) [ 21 ]. Given these facts, it is reasonable to expect that a compound combining these two moieties may have antifungal activities.	fungi c. albicans atcc 90028	fungi c. albicans atcc 90028	c. neoformans atcc 90113	c. neoformans atcc 90113
52294248470007465	PMC9413107.1	pmc_candidate_e8b536c888e44b	82	105	ORGANISM	0.9870490431785583		0					unsupported	15	PMC9413107	STRAIN-ORGANISM:INHIBITS	30	entity_tension	0.9535353183746338	0.6173685789108276	5	4	0	1	60	87	contained_bounded	47710	unique	Aspergillus niger	The antifungal activity of CA-SNEDDS demonstrated that both C. albicans ATCC 10231 and A. niger ATCC 6275 were highly susceptible to it, with IZD of 35.0 ± 0.5 mm and 34.0 ± 0.5 mm, respectively, at the given dosage of 20 µL/disc ( Table 1 and Figure 2 and Figure 3 ).	c. albicans atcc 10231	c. albicans atcc 10231	a. niger atcc 6275	a. niger atcc 6275
16016381222063819	PMC12375747.1	pmc_candidate_e3b9787952267f	388	154	ORGANISM	0.7919171452522278		0					unsupported	42	PMC12375747	STRAIN-ORGANISM:SYMBIONT_OF	31	entity_tension	0.8690492510795593	0.853204071521759	6	2	0	4	383	135	contained_bounded	39380	unique	Nostoc	Likewise, at the PII site, relatively higher SOM and BD than the PM_PIII sample, with an abundance of symbionts and cyanobacteria like Nostoc sp. PCC-7107 could be attributed to the presence of algal blooms. In PR_PI Bradyrhizobium sp. is primarily an abundant diazotroph and is also a phosphate mineralizing bacteria (PMB) that exhibit symbiotic association with aquatic plants and algae.	algae	algae	nostoc sp. pcc-7107	nostoc sp. pcc-7107
76943963656548360	PMC10883064.1	pmc_candidate_d4384346265f3f	406	294	ORGANISM	0.7798593044281006		0					unsupported	37	PMC10883064	STRAIN-ORGANISM:SYMBIONT_OF	32	entity_tension	0.8991213440895081	0.9952475428581238	6	2	0	6-7	401	272	contained_bounded	87937	unique	Methylorubrum extorquens	Based on our results, the PHB metabolism is more important in endosymbiotic interactions than in rhizobial ones, potentially due to the lack of a finely tuned cellular recognition machinery that exists in the rhizobial symbiosis. Therefore, endosymbiotic strains, such as M. extorquens DSM13060, need to alleviate the host-induced oxidative stress through PHB metabolism for a successful entry in the plant host.	plant	plant	m. extorquens dsm13060	m. extorquens dsm13060
174304033323428074	PMC2853523.1	pmc_candidate_ed939cf19378a4	149	110	ORGANISM	0.7324466705322266		0					unsupported	5	PMC2853523	STRAIN-ORGANISM:SYMBIONT_OF	33	entity_tension	0.9061560034751892	0.9853553771972656	4	4	0	6	144	91	contained_bounded	38949	unique	Nostoc	While the diazotrophic filamentous cyanobacteria comprise the largest genome size, such as Nostoc sp. PCC 7120, Anabaena variabilis ATCC 29413, plant-cyanobacteria symbionsis Nostoc punctiforme PCC 73102 and marine Trichodesmium sp. IMS 101.	plant	plant	nostoc sp. pcc 7120	nostoc sp. pcc 7120
303011151075937	PMC12828130.1	pmc_candidate_1adff54db3c753	124	66	PHENOTYPE	0.7276143729686737		0					unmatched	43	PMC12828130	STRAIN-PHENOTYPE:PRESENTS	34	entity_tension	0.9996711015701294	0.9969078302383423	5	3	0	4	91	44	contained_bounded	100604	unique	Clostridium hylemonae	In conclusion, the CDI-inhibitory effect of C. hylemonae DSM 15053 may stem primarily from restoring gut microbial diversity rather than SBAs production alone, warranting further validation in germ-free models.	restoring gut microbial diversity	restoring gut microbiota diversity in	c. hylemonae dsm 15053	c. hylemonae dsm 15053
544302839304813	PMC10484818.1	pmc_candidate_586db07ace5a52	38	109	PHENOTYPE	0.5556241273880005		0					unmatched	40	PMC10484818	STRAIN-PHENOTYPE:PRESENTS	35	entity_tension	0.9972261786460876	0.9951198101043701	2	1	0	1-2	36	103	exact	344285	unique	Chlamydomonas raudensis	Long-term acclimation or adaptation to high salt is associated with strain-specific remodeling of PSI. UWO241 exhibits downregulated PSI fluorescence emission (at 77 K) across a broad range of treatments and growth conditions (Cook et al. 2019 ; Morgan et al. 1998 ), which is associated with reduced levels or loss of LHCI polypeptides (Morgan et al. 1998 ; Kalra et al. 2020 ).	to	to	uwo241	uwo241
555912626079863	PMC10844681.1	pmc_candidate_fa2fbb2f67eaf6	97	89	PHENOTYPE	0.8976653218269348		0					unmatched	36	PMC10844681	STRAIN-PHENOTYPE:PRESENTS	36	entity_tension	0.9992006421089172	0.7813108265399933	2	1	0	6	90	80	contained_bounded	323105	unique	Pseudoalteromonas translucida	Further studies will be helpful to explore intracellular protease production in Ph TAC125 biofilm.	biofilm	biofilm	ph tac125	ph tac125
948819326509618	PMC4596066.1	pmc_candidate_92eccef994cc55	254	202	PHENOTYPE	0.6274283528327942		0					unmatched	27	PMC4596066	STRAIN-PHENOTYPE:PROMOTES	37	entity_tension	0.9742639064788818	0.9275629818439484	5	2	0	7-9	236	183	contained_bounded	179991	unique	Debaryomyces hansenii var. hansenii	The majority of the yeast isolates were safe since they did not affect the survival rate of the larvae. Interestingly, Candida sp. 9, increased the survival rate of the larvae; while D. hansenii CBS8339 decreased it. The improvement of fish survival rate by yeast supplementation, as we observed with Candida sp. 9, has been previously reported in European sea bass larvae ( Tovar-Ramírez et al., 2004 ).	fish survival rate	fish survival rate	d. hansenii cbs8339	d. hansenii cbs8339
2797799767633514	PMC7456371.1	pmc_candidate_7f86405b885341	153	175	PHENOTYPE	0.6143344044685364		0					unmatched	35	PMC7456371	STRAIN-PHENOTYPE:PROMOTES	38	entity_tension	0.9725714921951294	0.7514307498931885	3	2	0	1-2	136	170	exact	404540	unique	Bacillus pumilus	Earlier studies in our laboratory have revealed that GapA + M. gallisepticum (MG) ts-11 vaccine was more immunogenic and induced higher antibody response than the GapA − ts-11 population [ 30 ]. In MG, the GapA is determined as the primary cytadhesin molecule and is known to play role in prolonged colonization and survival of MG [ 31 , 32 ].	antibody response	antibody response	ts-11	ts-11
8441539557107987	PMC8125078.1	pmc_candidate_bf630dd1345dc9	383	37	PHENOTYPE	0.7705289423465729		0					unmatched	3	PMC8125078	STRAIN-PHENOTYPE:PROMOTES	39	entity_tension	0.8524448275566101	0.9884934425354004	7	1	0	4-5	356	0	contained_bounded	26367	unique	Bradyrhizobium japonicum	Bradyrhizobium diazoefficiens USDA110 was isolated as a soybean symbiont, but it can also establish a functional symbiotic interaction with Aeschynomene afraspera . In contrast to soybean, A. afraspera triggers terminal bacteroid differentiation, a process involving bacterial cell elongation, polyploidy, and increased membrane permeability, leading to a loss of bacterial viability while plants increase their symbiotic benefit.	loss of bacterial viability	loss of bacterial viability	bradyrhizobium diazoefficiens usda110	bradyrhizobium diazoefficiens usda110
173507804545938688	PMC6602968.1	pmc_candidate_f6be5482152e70	154	287	SPECIES	0.6762373149394989		0					unsupported	8	PMC6602968	STRAIN-SPECIES:INHIBITS	40	entity_tension	0.9822707772254944	0.9910095930099487	4	2	0	12-13	141	263	contained_bounded	13527	unique	Acinetobacter baumannii	At the same time, the survival of A . baumannii were not influenced by E . coli and there were no significant differences in the survival of A . baumannii among different groups (Fig. 1C ). These results suggest that AsaA is critical for bacterial competition in A . baumannii ATCC 17978.	a . baumannii	a . baumannii	a . baumannii atcc 17978	a . baumannii atcc 17978
210633689227025625	PMC10900885.1	pmc_candidate_e40f0476668297	292	183	SPECIES	0.7610873579978943		0					unsupported	18	PMC10900885	STRAIN-SPECIES:INHIBITS	41	entity_tension	0.8932861089706421	0.9820130467414856	2	1	0	1-3	273	178	exact	215435	unique	Cystobacter badius	To account for growth rate disparities, anaerobes were added at 100 times higher than K. pneumoniae SGH10. However, instead of the gut commensals inhibiting K. pneumoniae SGH10, SGH10 was observed to inhibit the growth of these gut commensals by various degrees. Growth of B. thetaiotaomicron in the presence of SGH10 was relatively unperturbed as compared to its growth as a monoculture ( Fig. 1A ).	b. thetaiotaomicron	b. thetaiotaomicron	sgh10	sgh10
344660779871789567	PMC3694057.1	pmc_candidate_7d79c098ebbdb3	62	118	SPECIES	0.592449277639389		0					unsupported	13	PMC3694057	STRAIN-SPECIES:INHIBITS	42	entity_tension	0.8594279289245605	0.9215838313102722	2	1	0	7	55	104	contained_bounded	362271	unique	Paraliobacillus ryukyuensis	More research is needed to optimize the application of E. coli O157:H7-specific bacteriophages against E. coli O157:H7 on leafy greens under field- and facility-processing conditions.	e. coli	e. coli	. coli o157:h7	. coli o157:h7
260567340338342	PMC4165191.1	pmc_candidate_f7d8b21330f02a	279	161	COMPOUND	0.992422878742218	CHEBI	1	CHEBI:2637	amikacin	1.0	direct_exact	matched	19	PMC4165191	COMPOUND-STRAIN:INHIBITS	43	high_grounded	0.9755768775939941	0.9949263036251068	10	11	0	2	271	142	contained_bounded	35633	unique	Staphylococcus aureus subsp. aureus	The modulatory activity of aminoglycoside by direct contact was showed witch antagonist effect in E. coli ATCC25922 (MIC 16 for 64 μg/mL) and S. aureus ATCC12692 (MIC 16 for 128 μg/mL) in presence of neomycin, P. aeruginosa ATCC15442 (MIC 14 for 64 μg/mL) in presence of amikacin and S. aureus 358 in presence of neomycin (16 for 512 μg/mL), amikacin (16 for 64μg/mL) and kanamycin (16 for 128 μg/mL) ( Table 4 ).	amikacin	amikacin	s. aureus atcc12692	s. aureus atcc12692
486535399712705	PMC4906548.1	pmc_candidate_647506d991be47	158	75	COMPOUND	0.9792674779891968	CHEBI	1	CHEBI:27607	thymol	1.0	direct_exact	matched	1	PMC4906548	COMPOUND-STRAIN:INHIBITS	44	high_grounded	0.9869920015335083	0.9835672080516815	5	2	0	1	152	51	contained_bounded	362271	unique	Paraliobacillus ryukyuensis	Modeling the Inactivation of Intestinal Pathogenic Escherichia coli O157:H7 and Uropathogenic E. coli in Ground Chicken by High Pressure Processing and Thymol	thymol	thymol	escherichia coli o157:h7	escherichia coli o157:h7
653514734203977	PMC10820536.1	pmc_candidate_8be5a07a66c2c5	343	229	COMPOUND	0.992550253868103	CHEBI	1	CHEBI:100241	ciprofloxacin	1.0	direct_exact	matched	251	PMC10820536	COMPOUND-STRAIN:INHIBITS	45	high_grounded	0.9998780488967896	0.9832216501235962	10	9	0	2	330	206	contained_bounded	35585	unique	Proteus mirabilis	Compounds 271 – 276 showed similar or inferior activity (MICs = 0.48–500 µg/mL) against S. aureus ATCC 6538, ATCC 25923, and ATCC 43300, S. epidermidis ATCC 12228, M. luteus ATCC 10240, E. coli ATCC 25922, P. mirabilis ATCC 12453, K. pneumoniae ATCC 13883, S. thyphimurium ATCC 14028, and B. bronchiseptica ATCC 4617, compared to ciprofloxacin (MICs = 0.004–0.98 µg/mL) [ 93 ].	ciprofloxacin	ciprofloxacin	p. mirabilis atcc 12453	p. mirabilis atcc 12453
12776998140577341	PMC11614985.1	pmc_candidate_6d7badc6b387b0	226	194	COMPOUND	0.9709761142730713	CHEBI	1	CHEBI:28805	cis-1,2-dichloroethene	1.0	direct_exact	matched	30	PMC11614985	STRAIN-COMPOUND:DEGRADES	46	high_grounded	0.9597998261451721	0.9627476334571838	5	5	0	6	204	174	contained_bounded	87757	unique	Polaromonas	Other abundant species, Rhodocyclaceae bacterium _ PG1-Ca6 and P. frederiksbergensis degrade polycyclic aromatic hydrocarbons ( Singleton et al., 2015 ; Ruiz et al., 2021 ), Polaromonas_sp_JS666 degrades cis-1,2-dichloroethene in subsurface and aerobic environments ( Giddings et al., 2010 ).	cis-1,2-dichloroethene	cis-1,2-dichloroethene	polaromonas_sp_js666	polaromonas_sp_js666
25024019382643765	PMC11580001.1	pmc_candidate_20a4910c7e4c66	73	49	COMPOUND	0.9575483202934265	CHEBI	1	CHEBI:6457	lignin	1.0	direct_exact	matched	63	PMC11580001	STRAIN-COMPOUND:DEGRADES	47	high_grounded	0.9821683764457703	0.9525909125804901	11	9	0	3-5	67	28	contained_bounded	400973	unique	Laceyella sediminis	The co-culture consisted of R. jostii RHA1 VanA − , which degraded lignin and accumulated vanillate and lipids, and R. opacus PD630, which used the accumulated vanillate to generate lipids. An incremental lignin loading of up to 10 g L −1 led to a lipid production of 0.39 g lipid/CDW using the co-fermentation strategy. 137	lignin	lignin	r. jostii rha1 vana −	r. jostii rha1 vana −
35681878310701566	PMC11784078.1	pmc_candidate_f5137c5b02fd87	132	50	COMPOUND	0.9888375997543335	CHEBI	1	CHEBI:34565	benzo[b]fluoranthene	0.98	direct_normalized	matched	4	PMC11784078	STRAIN-COMPOUND:DEGRADES	48	high_grounded	0.9818056225776672	0.9949145317077637	8	7	0	6-7	110	24	contained_bounded	134301	unique	Novosphingobium pentaromativorans	Research has shown that N. pentaromativorans US6-1 has the ability to degrade chrysene, phenanthrene, pyrene, benzo[ b ]fluoranthene, benz[ a ]anthracene, and benzo[ a ]pyrene ( 4 ). Due to its diverse metabolic abilities, this bacterium is considered a promising candidate for the bioremediation of PAH-contaminated areas ( 4 ).	benzo[ b ]fluoranthene	benzo[ b ]fluoranthene	n. pentaromativorans us6-1	n. pentaromativorans us6-1
464565493724483	PMC3482502.1	pmc_candidate_408166981048a5	48	106	COMPOUND	0.9780599474906921	CHEBI	1	CHEBI:17968	butyrate	1.0	direct_exact	matched	30	PMC3482502	STRAIN-COMPOUND:PRODUCES	49	high_grounded	0.974821150302887	0.9939526915550232	8	5	0	8	40	98	exact	92208	unique	Clostridium acetobutylicum	The reassimilation ratios of acetate to butyrate were 5.5, 3.3, 6.5, 1.4, 2.1, and 1.1 in strains ATCC 824, EKW, BKW, BEKW, PEKW, and BEKW(pPptbAAD), respectively ( Table 1 ; see also Table S1 ).	butyrate	butyrate	atcc 824	atcc 824
971046704628532	PMC11609431.1	pmc_candidate_9cb47156a11df6	235	164	COMPOUND	0.9640547037124634	CHEBI	1	CHEBI:26672	siderophore	1.0	direct_exact	matched	22	PMC11609431	STRAIN-COMPOUND:PRODUCES	50	high_grounded	0.9899476170539856	0.9951916038990021	9	17	0	1-3	224	150	contained_bounded	105480	unique	Streptomyces	Table 2 provides findings about the plant-beneficial characteristics of endophytic bacteria. Bacterial isolates P. polymyxa GU1, P. amylolyticus GU5, B. cereus GU14, E. hormaechei GU15, and P. agglomerans GU18 produced IAA. Siderophore production was observed in 4 out of 18 bacterial isolates.	siderophore	siderophore	b. cereus gu14	b. cereus gu14
1639999706476583	PMC10599150.1	pmc_candidate_141e7e61e571da	171	92	COMPOUND	0.9886002540588379	CHEBI	1	CHEBI:204193	Proansamycin B	1.0	direct_exact	matched	9	PMC10599150	STRAIN-COMPOUND:PRODUCES	51	high_grounded	0.9962564706802368	0.9816361665725708	7	6	0	3-4	157	88	exact	199639	unique	Pseudomonas fragi	Through isolation and structural elucidation of the target compounds produced by strain A133, four known members, rifamycin W ( 1 ), protorifamycin I ( 2 ), proansamycin B ( 4 ), rifamycin S ( 5 ), and one new naturally occurring member of rifamycins, rifamycin W-M1 ( 3 ) were isolated and identified ( Figure 1 ). The results demonstrated that the earlier decipherment assisted by omics tools can accelerate the discovery of antibiotics.	proansamycin b	proansamycin b	a133	a133
122375397848229	PMC6775230.1	pmc_candidate_5e3d030fa84e8e	119	198	COMPOUND	0.9910755157470703	CHEBI	1	CHEBI:3508	ceftazidime	1.0	direct_exact	matched	9	PMC6775230	STRAIN-COMPOUND:RESISTS	52	high_grounded	0.9996451139450073	0.9753305613994598	11	6	0	2-3	108	176	contained_bounded	2251	unique	Enterococcus faecalis	George’s University Hospitals NHS Foundation Trust, London, UK, resistant to gentamicin, ciprofloxacin, and ceftazidime, obtained from Timothy Planche; Enterococcus faecalis ( E. faecalis ATCC 29212); a clinical isolate of Staphylococcus epidermidis ( S. epidermidis ) obtained from Dr. Robert E.W. Hancock (Department of Microbiology and Immunology, University of British Columbia); and vancomycin-resistant E. faecalis (NCTC 12203).	ceftazidime	ceftazidime	e. faecalis atcc 29212	e. faecalis atcc 29212
748366792043314	PMC10451331.1	pmc_candidate_15209370a20f51	249	203	COMPOUND	0.9949800372123718	CHEBI	1	CHEBI:100241	ciprofloxacin	1.0	direct_exact	matched	7	PMC10451331	STRAIN-COMPOUND:RESISTS	53	high_grounded	0.9747490882873535	0.993483692407608	14	6	0	6	236	170	contained_bounded	37029	unique	Salmonella enterica subsp. enterica	Therefore, the study was aimed to evaluate the collateral sensitivity and cross-resistance of ciprofloxacin-, gentamicin-, kanamycin-, and tetracycline-induced resistant Salmonella Typhimurium ATCC 19585 to cefotaxime, chloramphenicol, ciprofloxacin, gentamicin, kanamycin, polymyxin B, streptomycin, tetracycline, and tobramycin ( Table 1 ).	ciprofloxacin	ciprofloxacin	salmonella typhimurium atcc 19585	salmonella typhimurium atcc 19585
4370014334337899	PMC9431498.1	pmc_candidate_07d5546a6a4433	315	20	COMPOUND	0.9940381050109863	CHEBI	1	CHEBI:28971	ampicillin	1.0	direct_exact	matched	8	PMC9431498	STRAIN-COMPOUND:RESISTS	54	high_grounded	0.9995939135551453	0.99556565284729	6	4	0	1-3	305	0	contained_bounded	14815	unique	Enterococcus faecium	E. faecium LMG 20705 is a multidrug-resistant opportunistic pathogen. The resistance pattern was determined by AMRFinderPlus (see Table S1 in the supplemental material) and a disc diffusion test according to EUCAST methods (data not shown) ( 25 , 26 ). The strain was shown to be resistant to vancomycin, ampicillin, and streptomycin, all of which are first-line therapeutics for enterococcal infections ( 27 ).	ampicillin	ampicillin	e. faecium lmg 20705	e. faecium lmg 20705
65857593411187548	PMC4765772.1	pmc_candidate_d40c5f96c35a79	126	203	DISEASE	0.9638527631759644	MONDO	1	MONDO:0006826	kwashiorkor	1.0	direct_exact	matched	6	PMC4765772	STRAIN-DISEASE:ASSOCIATED_WITH	55	high_grounded	0.9592689275741577	0.990358829498291	4	4	0	1-2	115	193	exact	406206	unique	Massilibacterium senegalense	We describe here a new member of this family, the genus Massilibacterium, isolated in the faeces of a patient with kwashiorkor. Massilibacterium senegalense is the type species (= CSUR P1510 = DSM 100455) of this new genus.	kwashiorkor	kwashiorkor	dsm 100455	dsm 100455
2786896814156888294	PMC4901167.1	pmc_candidate_c80474ee51218d	152	99	DISEASE	0.9517651796340942	MONDO	1	MONDO:0006826	kwashiorkor	1.0	direct_exact	matched	2	PMC4901167	STRAIN-DISEASE:ASSOCIATED_WITH	56	high_grounded	0.9880158305168152	0.96880042552948	5	6	0	1	141	89	exact	399861	unique	Anaeromassilibacillus senegalensis	We report the main characteristics of Anaeromassilibacillus senegalensis strain mt9 T (= CSUR P1511) isolated from the stool of a 1-year-old kwashiorkor patient from Senegal.	kwashiorkor	kwashiorkor	csur p1511	csur p1511
2958684436520604597	PMC7787915.1	pmc_candidate_595d4ab132cc9a	395	180	DISEASE	0.9022805690765381	MONDO	1	MONDO:0017776	nocardiosis	1.0	direct_exact	matched	21	PMC7787915	STRAIN-DISEASE:ASSOCIATED_WITH	57	high_grounded	0.9639838933944702	0.9400925636291504	12	12	0	3	384	153	contained_bounded	50649	unique	Nocardia cyriacigeorgica	The following strains were considered: N. abscessus DSM 44432 T , N. anaemiae DSM 44821 T , N. asteroides ATCC 19247 T , N. brasiliensis ATCC 19296 T , N. cyriacigeorgica DSM 44484 T , N. farcinica IFM 10152 T , N. nova DSM 44481 T , N. otitidiscaviarum ATCC 14629 T , N. vinacea JCM 10988 T and N. cyriacigeorgica GUH-2, the reference pathogenic strain isolated from a fatal case of nocardiosis after a renal transplant in the 1970s [32] .	nocardiosis	nocardiosis	. cyriacigeorgica dsm 44484	. cyriacigeorgica dsm 44484
420542838219915544	PMC8430512.1	pmc_candidate_b100c49269199c	44	230	DISEASE	0.9146243333816528	MONDO	1	MONDO:0005265	inflammatory bowel disease	0.99	direct_exact	matched	33	PMC8430512	STRAIN-DISEASE:INHIBITS	58	high_grounded	0.9609882831573486	0.9927777945995331	6	2	0	4	41	211	contained_bounded	399024	unique	Escherichia coli	This pathogenic role of gut dysbiosis in IBD has also been confirmed by the studies showing that various strains of probiotics such as Lactobacillus rhamnosus , Enterococcus faecalis , Bifidobaceterium brevis , E. coli Nissle 1917, and VSL#3, a probiotic preparation including Lactobacillus , Bifidobacterium , and Streptococcus strains, display a beneficial effect on the intestinal epithelial barrier function [ 123 , 283 ].	ibd	ibd	e. coli nissle 1917	e. coli nissle 1917
536030064015030901	PMC10020375.1	pmc_candidate_77cc22806fa2a8	145	321	DISEASE	0.9085198640823364	MONDO	1	MONDO:0005101	ulcerative colitis	1.0	direct_exact	matched	25	PMC10020375	STRAIN-DISEASE:INHIBITS	59	high_grounded	0.9941003918647766	0.9949760735034943	8	6	0	5-6	127	299	contained_bounded	92137	unique	Heyndrickxia coagulans	B. coagulans strains are worldwide recognized as effective probiotics, and the role of B. coagulans SANK 70258 in ameliorating ulcerative colitis and leading the gut microbiota composition toward the enrichment in butyrate-producing bacteria has recently been shown ( Sasaki et al., 2020 ). Herein, B. coagulans ATCC 7050 was proven to be able to secrete acetic acid, while propionic and butyric acids were not detected in its culture supernatant.	ulcerative colitis	ulcerative colitis	b. coagulans atcc 7050	b. coagulans atcc 7050
557859698797442221	PMC9880229.1	pmc_candidate_c90758405d7448	186	21	DISEASE	0.9016155302524567	MONDO	1	MONDO:0005130	celiac disease	1.0	direct_exact	matched	2	PMC9880229	STRAIN-DISEASE:INHIBITS	60	high_grounded	0.9821512699127197	0.9745083451271057	8	6	0	1-3	172	0	contained_bounded	405141	unique	Blautia wexlerae	Cellulomonas sp. HM71, a human gut microbe possesses metabolic machinery to catabolize antigenic gluten, hence, holds promises as microbial therapy to treat gluten-derived celiac disease. However, its efficacy, safety, and survivability in the gastrointestinal ecosystem await functional elucidation. The current study is designed to characterize Cellulomonas sp. HM71 for its physiological, genomic, and probiotic properties.	celiac disease	celiac disease	cellulomonas sp. hm71	cellulomonas sp. hm71
208530088406496982	PMC3595030.1	pmc_candidate_1f3c2cb4f26efd	115	39	ISOLATE	0.9092031717300415	ENVO	1	ENVO:01000359	limestone cave	1.0	direct_exact	matched	6	PMC3595030	STRAIN-ISOLATE:INHABITS	61	high_grounded	0.999944806098938	0.9958317279815674	4	3	0	5	101	12	contained_bounded	45849	unique	Scytonema	In addition Scytonema hofmanni PCC 7110, a Nostocales representative (subsection IV) isolated from a limestone cave (Crystal cave, Bermuda) ( Rippka et al. 1979 ), whose filaments form false branches ( fig. 1 C ) and exhibit aerial growth, was included for comparison.	limestone cave	limestone cave	scytonema hofmanni pcc 7110	scytonema hofmanni pcc 7110
2746381310630143067	PMC5061058.1	pmc_candidate_d0d29e882883e5	85	53	ISOLATE	0.917633056640625	ENVO	1	ENVO:02000138	mangrove biome soil	0.99	direct_exact	matched	1	PMC5061058	STRAIN-ISOLATE:INHABITS	62	high_grounded	0.999958872795105	0.9958535432815552	2	1	0	1	72	25	contained_bounded	399162	unique	Bacillus solimangrovi	Whole-genome sequence of Bacillus solimangrovi GH 2-4 T , isolated from mangrove soil	mangrove soil	mangrove soil	bacillus solimangrovi gh 2-4	bacillus solimangrovi gh 2-4
3063641254979945593	PMC10190629.1	pmc_candidate_d40574d8dc46ac	59	23	ISOLATE	0.9102007746696472	ENVO	1	ENVO:02000138	mangrove biome soil	0.99	direct_exact	matched	2	PMC10190629	STRAIN-ISOLATE:INHABITS	63	high_grounded	0.9999580383300781	0.9968621134757996	2	1	0	1-3	46	0	contained_bounded	202518	unique	Clavispora lusitaniae	Zhouia amylolytica CL16 was isolated from the mangrove soil of Tanjung Piai, Malaysia. The present work reports the draft genome sequence of this bacterium. The genome consists of 113 glycoside hydrolases, 40 glycosyltransferases, 4 polysaccharide lyases, 23 carbohydrate esterases, 5 auxiliary activities, and 27 carbohydrate-binding modules, which warrant further investigation.	mangrove soil	mangrove soil	zhouia amylolytica cl16	zhouia amylolytica cl16
9034383466052647	PMC13356754.1	pmc_candidate_4a8f309acc9b7c	193	83	MEDIUM	0.9862528145313263	MEDIADIVE	1	MEDIADIVE:381	LB (Luria-Bertani) MEDIUM	0.99	direct_exact	matched	38	PMC13356754	STRAIN-MEDIUM:GROWS_ON	64	high_grounded	0.9667260646820068	0.9941857159137726	4	4	0	1-3	180	55	contained_bounded	399024	unique	Escherichia coli	Firstly, we cultured large quantities of highly active Escherichia coli Nissle 1917 . The EcN was obtained from BeNa Culture Collection (BNCC361741). The bacteria were cultured in Luria-Bertani (LB, BNCC372161) broth and grown to the logarithmic phase with continuous shaking at 220 rpm at 37 °C.	luria-bertani	luria-bertani	escherichia coli nissle 1917	escherichia coli nissle 1917
11035827400350078	PMC7344611.1	pmc_candidate_8d136c81a172eb	166	43	MEDIUM	0.9614830315113068	MEDIADIVE	1	MEDIADIVE:J70	BLOOD AGAR	1.0	direct_exact	matched	12	PMC7344611	STRAIN-MEDIUM:GROWS_ON	65	high_grounded	0.9648882150650024	0.9584775865077972	4	3	0	1-2	156	32	exact	87759	unique	Helicobacter pylori	H. pylori reference strain J99 (ATCC 700824) purchased from Summit Pharmaceuticals International corporation (Tokyo, Japan) served as the positive control. Blood agar plates (Becton Dickinson, Franklin Lakes, NJ, USA), incubated at 37 °C for 3–5 days, were used to isolate bacterial colonies [ 12 ].	blood agar	blood agar	atcc 700824	atcc 700824
15508037189640654	PMC7545281.1	pmc_candidate_1a81e801d57e19	225	33	MEDIUM	0.9695757031440735	MEDIADIVE	1	MEDIADIVE:381	LB (Luria-Bertani) MEDIUM	0.99	direct_exact	matched	5	PMC7545281	STRAIN-MEDIUM:GROWS_ON	66	high_grounded	0.9588471055030823	0.9879710674285889	4	4	0	1-2	223	23	contained_bounded	177571	unique	Cyberlindnera rhodanensis	The genomes of strains CBS2010/11 (CBS11) and CBS2010/12 (CBS12) were sequenced and assembled using Pacific Biosciences (PacBio) technology (Menlo Park, CA, USA). Briefly, the strains were grown overnight in Luria-Bertani (LB) broth (Difco), and genomic DNA was extracted using the Purelink genomic DNA kit (ThermoFisher) in accordance with the manufacturer’s instructions.	lb	lb	cbs2010/11	cbs2010/11
64607324298409	PMC8160922.1	pmc_candidate_20a05bc039d7a2	141	169	PHENOTYPE	0.9959595799446106	OMP	1	OMP:0000189	gram negative	0.98	direct_normalized	matched	52	PMC8160922	STRAIN-PHENOTYPE:PRESENTS	67	high_grounded	0.9967648983001709	0.9514437615871429	5	2	0	1	128	158	exact	2805	unique	Escherichia coli	The antibacterial activity of the plant extracts was tested on a Gram-positive model, Staphylococcus aureus (ATCC: 25923) and a Gram-negative model, E. coli (ATCC: 25922), using the agar-well diffusion and microdilution methods adapted after Carpa, et al. [ 81 ].	gram-negative	gram-negative	atcc: 25922	atcc: 25922
454957489184760	PMC12085589.1	pmc_candidate_a8d05b1009d381	29	86	PHENOTYPE	0.9943951964378357	OMP	1	OMP:0000189	gram negative	0.98	direct_normalized	matched	9	PMC12085589	STRAIN-PHENOTYPE:PRESENTS	68	high_grounded	0.9989245533943176	0.9958822131156921	8	6	0	3	16	59	contained_bounded	2805	unique	Escherichia coli	Similarly, four Gram-negative bacteria were also assessed: Escherichia coli ATCC 25922, Klebsiella pneumoniae ATCC 700603, Pseudomonas aeruginosa ATCC 27853, and Proteus sp. It is worth mentioning that two of the tested strains, Enterococcus faecalis and Proteus sp., were obtained from the University Hospital Center Khellil AMRANE in Bejaia, having been isolated from clinical samples collected from patients.	gram-negative	gram-negative	escherichia coli atcc 25922	escherichia coli atcc 25922
5514945307337991	PMC7663816.1	pmc_candidate_33517ebfbfa8dc	272	322	PHENOTYPE	0.9959149062633514	OMP	1	OMP:0000189	gram negative	0.98	direct_normalized	matched	14	PMC7663816	STRAIN-PHENOTYPE:PRESENTS	69	high_grounded	0.9992577433586121	0.9961910843849182	7	8	0	4-5	259	297	contained_bounded	92376	unique	Pseudomonas aeruginosa	Selectivity indices of IC 50 /minimum inhibitory concentration (MIC) showed that the monomer was as toxic as it was active, whereas the calixarene had remarkably low toxicity. Both disc diffusion and minimum inhibitory concentration tests were carried out on Gram-negative E . coli ATCC 25922 and P . aeruginosa ATCC 27853, and Gram-positive S . aureus ATCC 25923 and E . faecalis ATCC 29212 bacteria.	gram-negative	gram-negative	p . aeruginosa atcc 27853	p . aeruginosa atcc 27853
11822736311993138294	PMC9693373.1	pmc_candidate_164c8451d46689	210	161	PHENOTYPE	0.9007881879806519	PATO	1	PATO:0001620	turgor	1.0	direct_exact	matched	11	PMC9693373	STRAIN-PHENOTYPE:PROMOTES	70	high_grounded	0.9682613611221313	0.9132764041423798	7	2	0	6	204	152	contained_bounded	41947	unique	Moraxella catarrhalis	Among all the NaCl stressed-plants, the best growth performance, and the most pronounced mitigating effects to salt stress, were observed in the Bf and Bf70/Bc30 biostimulant-treated plants, in which the turgor was sustained at control non-stress levels, while wilting and necrotic lesions had limited extent ( Figure 1 F,J, respectively).	turgor	turgor	bf70/bc30	bf70/bc30
17794822004668787894	PMC8974063.1	pmc_candidate_e82c8654d0926f	266	380	PHENOTYPE	0.9929942786693573	OMP	1	OMP:0000188	gram positive	0.98	direct_normalized	matched	12	PMC8974063	STRAIN-PHENOTYPE:PROMOTES	71	high_grounded	0.9566746950149536	0.9866768717765808	12	5	0	1-4	253	349	contained_bounded	44909	unique	Chromobacterium violaceum	In gram-positive bacteria, AIP is used as an autoinducer which induces the structural diversity of biofilm. Membrane-associated ATP-binding cassette (ABC) transporter induces the secretion of AIP. The gene agrD encodes autoinducing peptides [ 56 ]. The Gram-positive bacterium Exiguobacterium sp is involved in inducing the AHL bioreporters, namely Chromobacterium violaceum CV026, Agrobacterium tumefaceins A136, and E. coli JM 109(psb1075) [ 57 ].	gram-positive	gram-positive	chromobacterium violaceum cv026	chromobacterium violaceum cv026
1139768054541172	PMC10433424.1	pmc_candidate_43613b72076946	51	106	COMPOUND	0.9277987778186798		0					unmatched	2	PMC10433424	COMPOUND-STRAIN:INHIBITS	72	high_unresolved	0.9997507929801941	0.994372695684433	7	5	0	7	30	74	contained_bounded	125614	unique	Staphylococcus aureus subsp. aureus	The antibacterial activity of epsilon-poly-l-lysine was evaluated against Staphylococcus aureus ATCC 25923, Escherichia coli ATCC 25922, Enterococcus faecalis ATCC 29212, Serratia marcescens ATCC 13880, and Klebsiella pneumoniae ATCC 13883 by microdilution method.	epsilon-poly-l-lysine	epsilon-poly-l-lysine	staphylococcus aureus atcc 25923	staphylococcus aureus atcc 25923
1640394992559747	PMC10227576.1	pmc_candidate_2e1ac6bb8a790a	2	62	COMPOUND	0.9682832956314087		0					unmatched	74	PMC10227576	COMPOUND-STRAIN:INHIBITS	73	high_unresolved	0.999808132648468	0.9921851754188538	12	18	0	1-2	0	42	contained_bounded	48787	unique	Helicobacter pylori	IQ also inhibited the microbial growth of H. pylori NCTC 11638 at ≥250 ± 0.01 μg/mL and three wild-type H. pylori strains at ≥500 ± 0.01 μg/mL. It is important to note that, among these last three strains, one is sensitive to AML, MTZ, LEV and CLA ( H. pylori 659), another is resistant to LEV ( H. pylori 661), and the third is resistant to MTZ ( H. pylori 662).	iq	iq	h. pylori nctc 11638	h. pylori nctc 11638
3203290936114019	PMC7518771.1	pmc_candidate_c6e9dc1b05928a	15	94	COMPOUND	0.97055983543396		0					unmatched	9	PMC7518771	COMPOUND-STRAIN:INHIBITS	74	high_unresolved	0.980728805065155	0.9899736940860748	6	1	0	4-8	12	69	contained_bounded	92376	unique	Pseudomonas aeruginosa	The MIC for IMI was obtained in the range of 0.5 μg/mL to 256 μg/mL. P. aeruginosa ATCC 27,853 was used as control strain. Double disc synergy test was used for phenotypic ESBL-producing P. aeruginosa detection. In this test, antibiotics, including ceftazidime and cefotaxime, were used alone and adjacent to all two antibiotics combination with clavulanic acid. 19	imi	imi	p. aeruginosa atcc 27,853	p. aeruginosa atcc 27,853
962781660107730	PMC9089450.1	pmc_candidate_c106bf77da3ff0	360	30	COMPOUND	0.9485602974891663		0					unmatched	27	PMC9089450	STRAIN-COMPOUND:DEGRADES	75	high_unresolved	0.9611709713935852	0.9855347871780396	8	8	0	4-5	358	26	exact	251626	unique	Coprinopsis cinerea	Surprisingly, both strain DR11 and DR14 were able to not only form biofilm on non-irradiated PS, but cause weight reduction indicating that Exiguobacterium species are capable of degrading unmodified PS. Since not many bacteria can initiate PS degradation in absence of photooxidation, these Exiguobacterium strains could be exploited as early initiators in PS biodegradation process.	ps	ps	dr11	dr11
27792510431817772	PMC3485097.1	pmc_candidate_3877e69e50114e	282	112	COMPOUND	0.9123245477676392		0					unmatched	5	PMC3485097	STRAIN-COMPOUND:DEGRADES	76	high_unresolved	0.9625676870346069	0.9918138980865479	7	4	0	1-2	279	108	exact	403441	unique	Burkholderia	In this study we have carried out further genetic characterization of PNP catabolic cluster/genes in strain SJ98. Our observations indicate co-occurrence of functional genes, encoding for enzymes involved in both ‘HQ and BT’ ring cleavage pathways of PNP degradation, within the PNP degradation gene cluster of strain SJ98.	pnp	pnp	sj98	sj98
27945508704759699	PMC9820247.1	pmc_candidate_1d4b5172091bc8	317	108	COMPOUND	0.9593446850776672		0					unmatched	43	PMC9820247	STRAIN-COMPOUND:DEGRADES	77	high_unresolved	0.9750834703445435	0.9871903657913208	3	1	0	3-4	308	96	contained_bounded	42909	unique	Rhizorhapis	In particular, the analysis of CAZome revealed the presence of 32 putative GHs, indicating that A. mali FL18 possesses a palette of interesting activities for the biodegradation of the holocellulosic component of the cell wall. In silico analyses suggest that at least four of these GHs might be involved in cellulose degradation; among them, a novel thermophilic GH9, AmCel9, was biochemically characterized.	cellulose	cellulose	a. mali fl18	a. mali fl18
537076017456687	PMC12900916.1	pmc_candidate_f81c7e2df6084f	282	190	COMPOUND	0.9157252311706543		0					unmatched	43	PMC12900916	STRAIN-COMPOUND:PRODUCES	78	high_unresolved	0.9685303568840027	0.967040091753006	10	7	0	5-6	273	174	contained_bounded	44925	unique	Zymomonas mobilis	Contrary to predictions, overexpression of the ZMO1055 ZM401 L499A and L499G variants, as well as the I531A variant in Z. mobilis ZM401, displayed flocculation exceeding the Z. mobilis ZM401 vector control, as well as enhanced Calcofluor white binding, indicating elevated cellulose production. Congo red binding was also enhanced, with distinct colouration upon overexpression of the variants (Figure 5C,D ).	cellulose	cellulose	z. mobilis zm401	z. mobilis zm401
1918889358489237	PMC5414342.1	pmc_candidate_cd8d3959467a34	205	56	COMPOUND	0.9818630814552307		0					unmatched	38	PMC5414342	STRAIN-COMPOUND:PRODUCES	79	high_unresolved	0.9742884635925293	0.9925082623958588	6	2	0	1-3	202	39	contained_bounded	48575	unique	Escherichia coli	Cell fed-batch cultures of recombinant E. coli CGSC 4401 (pJC4) were carried out to overcome the volumetric limitation of a fermentor (2.7 l) fed with a solution with low lactose solubility to increase PHB productivity. A whey solution containing 210 g lactose l −1 was used as a feeding solution. The final cell concentration, PHB concentration, and PHB content obtained in 39 h were 150, 100 g l −1 , and 67%, respectively.	phb	phb	e. coli cgsc 4401	e. coli cgsc 4401
2614030215575445	PMC10832566.1	pmc_candidate_d1d136992ba5e4	267	65	COMPOUND	0.9744682908058167		0					unmatched	20	PMC10832566	STRAIN-COMPOUND:PRODUCES	80	high_unresolved	0.9929541945457458	0.9946698546409607	6	5	0	1	265	40	contained_bounded	311044	unique	Pseudomonas chlororaphis	The introduction of plasmid prhlAB‐R to P. chlororaphis ATCC 9446, which encodes the positively autoregulated P. aeruginosa operon that catalyses the production of mono‐RL, results in the production of high titres of this biosurfactant, comparable to the amount of RL produced by PAO1 type strain (Figure 1 ).	rl	rl	p. chlororaphis atcc 9446	p. chlororaphis atcc 9446
2271292940479415	PMC10892075.1	pmc_candidate_2d452c454d862d	199	79	COMPOUND	0.9574692249298096		0					unmatched	47	PMC10892075	STRAIN-COMPOUND:RESISTS	81	high_unresolved	0.9648882150650024	0.9932857155799866	4	2	0	14-15	196	55	contained_bounded	400301	unique	Pseudomonas aeruginosa	Furthermore, it showed bacteriostatic activity against P. aeruginosa DSM 102273 resistant strain with a MIC value of 1250 μg/mL. These results could depend not only on the increased solubility of RTN by the complexation, but also on the permeabilization of the bacterial wall produced by the macrocycle [ 28 , 71 ].	rtn	rtn	p. aeruginosa dsm 102273	p. aeruginosa dsm 102273
7121034933089375	PMC9241639.1	pmc_candidate_d0749e25b9ec60	109	16	COMPOUND	0.9770922064781189		0					unmatched	2	PMC9241639	STRAIN-COMPOUND:RESISTS	82	high_unresolved	0.9997219443321228	0.9941415786743164	3	2	0	16-18	95	0	contained_bounded	206262	unique	Sugiyamaella smithiae	Typhimurium ST34 isolates, was the main driving force associated with the resistance of NTS to cephalosporins. Therefore, close attention to the clonal dissemination of bla CTX-M-55 -carrying S. Typhimurium ST34 in clinical settings must be monitored carefully.	cephalosporins	cephalosporins	typhimurium st34	typhimurium st34
9314456293585455	PMC12671174.1	pmc_candidate_c571d953a3f7e4	80	191	COMPOUND	0.9646632969379425		0					unmatched	36	PMC12671174	STRAIN-COMPOUND:RESISTS	83	high_unresolved	0.9996057152748108	0.9756754636764526	7	10	0	1-2	71	186	exact	358241	unique	Synechococcus	Three isolates showed resistance to all antipseudomonal agents tested: β-lactams, aminoglycosides, and fluoroquinolones. Of note, these isolates belong to high-risk international clones ST235 ( n = 1) and ST773 ( n = 2), both of which are globally disseminated and associated with enhanced antimicrobial resistance, virulence, and outbreak potential ( 12 , 32 , 41 , 43 ).	β-lactams	β-lactams	st235	st235
32449725181591968	PMC11433458.1	pmc_candidate_0b7143901a37be	359	28	DISEASE	0.9005177617073059		0					unmatched	67	PMC11433458	STRAIN-DISEASE:ASSOCIATED_WITH	84	high_unresolved	0.9005298018455505	0.9554834365844727	10	8	0	2-5	314	18	exact	46720	unique	Staphylococcus aureus subsp. aureus	S. aureus Newman (ATCC 13420) and E. coli ATCC25922 were obtained from the American Type Culture Collection. Pseudomonas aeruginosa and Burkholderia contaminans are from our own culture collection. Both trains were isolated from human infections [ 44 ]. In particular, S. aureus Newman was isolated from a case of secondarily infected tubercular osteomyelitis [ 58 ].	secondarily infected tubercular osteomyelitis	secondarily infected tubercular osteomyelitis	atcc 13420	atcc 13420
84093464029499870	PMC5678892.1	pmc_candidate_c202fd1a758849	62	106	DISEASE	0.901022732257843		0					unmatched	190	PMC5678892	STRAIN-DISEASE:ASSOCIATED_WITH	85	high_unresolved	0.9401335716247559	0.9869993627071381	10	12	0	1-3	39	96	exact	147360	unique	Aspergillus penicillioides	Typus : Brazil , Recife, isolated from human cutaneous disease, 1958, D. Borelli (neotype Herb. IMI 211392 designated by Samson & Gams (1985) , culture ex-type NRRL 4548 = CBS 540.65 = ATCC 16910 = IMI 211342 = DTO 207-I7 = CCF 5494 = IBT 34627).	human cutaneous disease	human cutaneous disease	imi 211392	imi 211392
611686877906450042	PMC2718853.1	pmc_candidate_d10fbff9185c37	211	35	DISEASE	0.9288063049316406		0					unmatched	10	PMC2718853	STRAIN-DISEASE:ASSOCIATED_WITH	86	high_unresolved	0.9496226906776428	0.9479971528053284	8	2	0	1	193	29	exact	203512	unique	Candida albicans	C. albicans strains included SC5314, a human clinical isolate recovered from a patient with generalized candidiasis [ 19 , 20 ], and VE175, a human corneal isolate obtained from a patient with candidal keratitis [ 21 ].	candidal keratitis	candidal keratitis	sc5314	sc5314
96643323698126080	PMC7960676.1	pmc_candidate_7ca58c75182c5a	248	69	DISEASE	0.9148843884468079		0					unmatched	44	PMC7960676	STRAIN-DISEASE:INHIBITS	87	high_unresolved	0.9812029004096985	0.996216207742691	3	2	0	3	246	50	contained_bounded	61670	unique	Lactococcus lactis subsp. lactis	Similarly, Luerce et al. (2014) demonstrated that L. lactis NCDO 2118 improved the clinical signs of colitis by reducing the macroscopic inflammatory score of the disease, also seen by Rabah et. al (2020) who observed a reduction in the signs of UC induced by DSS by the consumption of a probiotic Emmental cheese.	uc	uc	l. lactis ncdo 2118	l. lactis ncdo 2118
322123868038993579	PMC11163047.1	pmc_candidate_cff9cc5691fc63	232	23	DISEASE	0.9145891964435577		0					unmatched	26	PMC11163047	STRAIN-DISEASE:INHIBITS	88	high_unresolved	0.9768908023834229	0.9927108883857727	5	4	0	28-30	219	0	contained_bounded	263105	unique	Leptographium wageneri	Bacillus subtilis CAS15 strain exhibited a strong ability to inhibit the mycelial growth of 15 plant fungal pathogens, with rates ranging from 19.26 to 94.07%. Additionally, CAS15 significantly reduced the incidence of Fusarium wilt in pepper plants by 12.5–56.9%, indicating its potential to induce systemic resistance. Moreover, treated plants showed notable increases in height at various stages, ranging from 27.24 to 54.53% taller than controls.	fusarium wilt	fusarium wilt	bacillus subtilis cas15	bacillus subtilis cas15
530425587753424176	PMC9539765.1	pmc_candidate_56230ff49cda6b	59	320	DISEASE	0.9085527956485748		0					unmatched	20	PMC9539765	STRAIN-DISEASE:INHIBITS	89	high_unresolved	0.957912266254425	0.9959664046764374	4	3	0	3-4	46	296	contained_bounded	9751	unique	Lactobacillus casei subsp. casei	Lactobacillus fermentum V3 markedly inhibited colonic tumor formation and pro-inflammatory cytokines, accompanied by increased fecal Lactobacillus ( 139 ). The same fecal bacteria alteration that might participate in gut microbiota-BAs axis was also observed in AOM/DSS-induced CAC mice by using Lactobacillus casei BL23 or Lactobacillus gasseri 505.	colonic tumor	colonic tumors	lactobacillus casei bl23	lactobacillus casei bl23
188660071067792417	PMC5059233.1	pmc_candidate_3c9dbab8aecfb0	128	98	ISOLATE	0.910232424736023		0					unmatched	1	PMC5059233	STRAIN-ISOLATE:INHABITS	90	high_unresolved	0.9999576807022095	0.9697058498859406	4	3	0	1	115	65	contained_bounded	399308	unique	Pseudomonas putida	Comprehensive genomic and phenotypic metal resistance profile of Pseudomonas putida strain S13.1.2 isolated from a vineyard soil	vineyard soil	vineyard soil	pseudomonas putida strain s13.1.2	pseudomonas putida s13.1.2
819795864608675623	PMC5026438.1	pmc_candidate_1aba2f489039e5	179	84	ISOLATE	0.9051292538642883		0					unmatched	2	PMC5026438	STRAIN-ISOLATE:INHABITS	91	high_unresolved	0.9999524354934692	0.9903490543365479	5	4	0	1-2	164	75	exact	45011	unique	Oerskovia enterophila	Here, we report the draft genome sequence of Oerskovia enterophila DFA-19 (DSM 43852 T ), a facultative anaerobe soil bacterium, which was originally isolated from millipede feces and first described as Promicromonospora enterophila . The genome consists of a circular chromosome comprising approximately 4.65 Mb and 4,044 predicted protein-encoding genes.	millipede feces	millipede feces	dsm 43852	dsm 43852
2661083780715139748	PMC3035298.1	pmc_candidate_f3d2f9ef609d12	58	21	ISOLATE	0.9119399785995483		0					unmatched	2	PMC3035298	STRAIN-ISOLATE:INHABITS	92	high_unresolved	0.9999591112136841	0.9939017295837402	2	1	0	4-6	44	16	exact	2184	unique	Desulfarculus baarsii	The type strain 2st14 T was isolated from a ditch sediment collected near the University of Konstanz, Germany. This is the first completed genome sequence of a member of the order Desulfarculales . The 3,655,731 bp long single replicon genome with its 3,303 protein-coding and 52 RNA genes is a part of the G enomic E ncyclopedia of B acteria and A rchaea project.	ditch sediment	ditch sediments	2st14	2st14
1650411625009003	PMC5759251.1	pmc_candidate_f62e0f9e33e6c9	191	26	MEDIUM	0.9477308690547943		0					unmatched	8	PMC5759251	STRAIN-MEDIUM:GROWS_ON	93	high_unresolved	0.9090225100517273	0.987018495798111	5	1	0	1	174	18	exact	48015	unique	Gemmata obscuriglobus	G. obscuriglobus (DSM 5831 T ) and G. massiliana (DSM 26013 T ) purchased from the Deutsche Sammlung von Mikrorganismen and Zellkuturen (Braunshwing, Germany) were plated on Caulobacter solid medium containing 2 g/L Bacto peptone (Sigma-Aldrich, Saint-Quentin Fallavier, France), with 1 g/L yeast extract (Sigma-Aldrich) and 0.2 g/L MgSO 4 heptahydrate (Sigma-Aldrich) at 30 °C for 21 days [ 12 ].	caulobacter solid	caulobacter solid	dsm 5831	dsm 5831
2613849221395704	PMC10269588.1	pmc_candidate_07418755ae5355	30	164	MEDIUM	0.9687856435775757		0					unmatched	40	PMC10269588	STRAIN-MEDIUM:GROWS_ON	94	high_unresolved	0.9523086547851562	0.9851092398166656	8	4	0	1-3	0	144	contained_bounded	372300	unique	Escherichia coli	Morpholinepropanesulfonic acid (MOPS) minimal medium, prepared as described previously ( 65 ), was used to culture bacteria for RNA extraction. E. coli MG1655 Str r Nal r was grown overnight on 5 mL of MOPS medium containing 0.05% glucose at 37°C and shaking at 200 rpm. Fifty milliliters of MOPS medium containing 0.2% glucose was inoculated with 50 μL of the overnight culture.	morpholinepropanesulfonic acid	morpholinepropanesulfonic acid	e. coli mg1655 str r	e. coli mg1655 str. r
2941323296900645	PMC7142549.1	pmc_candidate_f151946f9ba367	376	165	MEDIUM	0.9572999775409698		0					unmatched	7	PMC7142549	STRAIN-MEDIUM:GROWS_ON	95	high_unresolved	0.9293763041496277	0.9950293302536011	12	6	0	1-2	367	147	contained_bounded	40889	unique	Escherichia coli	Three strains of Escherichia coli : O157:H7 LCDC 86-51 (EcO1; Shiga toxin-producing strain isolated from hemorrhagic colitis, Ottawa, ON, Canada), O157:H7 ATCC 35150 (EcO2; Shiga toxin-producing strain isolated from hemorrhagic colitis, Oregon and Michigan, USA), and the non-pathogenic strain E. coli ATCC 8739 (Ec) were used. All strains were cultured overnight in BHI broth (Difco, BD Diagnostics, Franklin Lakes, NJ, USA) at 37 °C.	bhi broth	bhi broth	o157:h7 atcc 35150	o157:h7 atcc 35150
2346914335574805	PMC3469391.1	pmc_candidate_6e30967cfb8f3c	411	322	ORGANISM	0.9869879484176636		0					unsupported	7	PMC3469391	STRAIN-ORGANISM:INFECTS	96	high_unresolved	0.9987404942512512	0.9360558092594147	14	21	0	1-3	407	291	contained_bounded	43222	unique	Yersinia enterocolitica subsp. enterocolitica	Many Yersinia research laboratories use in their studies two mouse-virulent Y. enterocolitica 1B/O:8 strains, named 8081 [ 10 ] and WA-314 [ 5 ]. Y. enterocolitica strain 8081 is an American isolate from a fatal-septicemia patient [ 10 ] and has been widely used in murine infection models. Y. enterocolitica strain WA-314 was isolated from the blood of a human patient and proved to be highly virulent for mice and rats [ 11 ].	mice	mice	y. enterocolitica strain wa-314	y. enterocolitica wa-314
6729027154673265	PMC6056856.1	pmc_candidate_5fb707e287b25b	31	210	ORGANISM	0.9789634943008423		0					unsupported	11	PMC6056856	STRAIN-ORGANISM:INFECTS	97	high_unresolved	0.9760608077049255	0.9929049909114838	9	9	0	14-15	27	200	exact	1281	unique	Salmonella enterica subsp. enterica	Experimental infections of mice and primates largely support the view that ST313 strains have altered pathogenicity compared with those of commonly used laboratory strains, such as strains SL1344 and ATCC 14028. An ST313 isolate hyperdisseminated from the intestine to systemic sites in the murine model of infection and in poultry ( 16 , 17 , 53 ).	mice	mice	atcc 14028	atcc 14028
10827965245989189	PMC6288905.1	pmc_candidate_6e75152db5aa42	20	78	ORGANISM	0.9198892414569855		0					unsupported	4	PMC6288905	STRAIN-ORGANISM:INFECTS	98	high_unresolved	0.9408984184265137	0.9264039397239685	3	1	0	1-3	4	74	exact	249511	unique	Candida albicans	The Fischer 344 rats challenged with the lethal toxin can be protected by PA21 at a concentration of 0.067 mg/kg. All six rats remained alive although PA21 was injected 24 h before the toxin challenge. PA21 did not influence the binding of PA to cell receptors and that of a lethal factor to PA.	fischer 344 rats	fischer 344 rats	pa21	pa21
199963315750480851	PMC7272846.1	pmc_candidate_24468f2469085e	179	124	ORGANISM	0.9899307787418365		0					unsupported	42	PMC7272846	STRAIN-ORGANISM:INHIBITS	99	high_unresolved	0.9832305908203125	0.9808453321456909	4	4	0	7	170	120	exact	58842	unique		After following the two-sealed-base-plates method, the results indicated that volatile substances isolated from strains S170 and S9 exhibited antifungal activity towards M. oryzae .	m. oryzae	m. oryzae	s170	s170
306289553660964925	PMC8468208.1	pmc_candidate_1d4c348843cb34	77	30	ORGANISM	0.9047339260578156		0					unsupported	14	PMC8468208	STRAIN-ORGANISM:INHIBITS	100	high_unresolved	0.9931228756904602	0.9840444922447205	3	2	0	6	65	0	contained_bounded	61832	unique	Streptococcus alactolyticus	Agrobacterium sp. isolate CHB3 exhibited no inhibitory effect on downy mildew.	downy mildew	downy mildew	agrobacterium sp. isolate chb3	agrobacterium sp. isolate chb3
381658936200981118	PMC10682437.1	pmc_candidate_8758af199af176	99	185	ORGANISM	0.9926624298095703		0					unsupported	17	PMC10682437	STRAIN-ORGANISM:INHIBITS	101	high_unresolved	0.9424007534980774	0.9936056733131409	7	4	0	6-7	90	153	contained_bounded	319457	unique	Pseudomonas fluorescens	We observed stronger antifungal activity in vitro against F. oxysporum , Alternaria , and R. solani when microorganisms were grown in rich media (PSFM). Pseudomonas fluorescens CFBP2392 presented inhibitory activity against all tested fungal isolates in vitro ( Figure 1 ; Table 1 ; Supplementary Table 1 ).	r. solani	r. solani	pseudomonas fluorescens cfbp2392	pseudomonas fluorescens cfbp2392
12594629447579380	PMC7397029.1	pmc_candidate_b4ce407ab3a3fc	30	278	ORGANISM	0.945454478263855		0					unsupported	26	PMC7397029	STRAIN-ORGANISM:SYMBIONT_OF	102	high_unresolved	0.9154317378997803	0.9948996007442474	9	9	0	4-5	26	259	contained_bounded	94680	unique	Paraburkholderia phymatum	Notably, although the two iPBE symbionts possessed type three secretion system (T3SS) and N -acyl homoserine lactone (AHL)-based quorum sensing system, the three SBE symbionts did not. The genes related to nodulation and nitrogen fixation, nodA and nifH , of B. phymatum STM 815 were not found in PGU16, PGU19, and the SBE symbionts.	ipbe	ipbe	b. phymatum stm 815	b. phymatum stm 815
70378056170527733	PMC3732241.1	pmc_candidate_b013d746c99998	20	337	ORGANISM	0.9793145656585693		0					unsupported	2	PMC3732241	STRAIN-ORGANISM:SYMBIONT_OF	103	high_unresolved	0.9050289392471313	0.9797624945640564	8	8	0	1-3	14	331	exact	308518	unique	Rhizobium	The rhizobium-legume symbiosis is a model system for studying mutualistic interactions between bacteria and eukaryotes. Sinorhizobium sp. NGR234 is distinguished by its ability to form either indeterminate nodules or determinate nodules with diverse legumes. Here, we presented a high-resolution RNA-seq transcriptomic analysis of NGR234 bacteroids in indeterminate nodules of Leucaena leucocephala and determinate nodules of Vigna unguiculata .	legume	legume	ngr234	ngr234
88082764458663447	PMC3795760.1	pmc_candidate_7d9b8ad84e9b51	117	415	ORGANISM	0.9274574518203735		0					unsupported	5	PMC3795760	STRAIN-ORGANISM:SYMBIONT_OF	104	high_unresolved	0.9151287078857422	0.9337025880813599	5	4	0	1-3	99	398	contained_bounded	403154	unique	Teredinibacter turnerae	The shipworm endosymbiont Teredinibacter turnerae has been found in numerous genera and species of teredinid bivalves from across the globe [21] . Shipworm endosymbionts have been shown to supplement the nitrogen-poor wood diet by providing a source of fixed nitrogen and are thought to produce cellulolytic enzymes that may assist the shipworm host in the degradation of wood [21] . The genome of T. turnerae T7901 was recently sequenced [22] .	teredinid bivalves	teredinid bivalves	t. turnerae t7901	t. turnerae t7901
675545966565747	PMC7798449.1	pmc_candidate_22f2f80b6f9fe1	39	233	PHENOTYPE	0.9381917417049408		0					unmatched	6	PMC7798449	STRAIN-PHENOTYPE:PRESENTS	105	high_unresolved	0.995643138885498	0.9960461556911469	11	7	0	1-3	22	214	contained_bounded	378027	unique	Bacillus velezensis	A strong link between biofilm formation and surfactin production was suggested for different Bacillus species. Mutations in the surfactin synthesis operon were reported to cause partial to severe biofilm defect in B. velezensis FZB42 and B. amyloliquefaciens UMAF6614 [ 23 , 24 ]. Non-surfactin producer strains of UMAF6614 were also impaired in phylloplane colonization [ 25 ].	biofilm formation	biofilm formation	b. velezensis fzb42	b. velezensis fzb42
1063352855349779	PMC12843989.1	pmc_candidate_faaaf192b27081	285	220	PHENOTYPE	0.9523937702178955		0					unmatched	37	PMC12843989	STRAIN-PHENOTYPE:PRESENTS	106	high_unresolved	0.9231084585189819	0.9955072402954102	4	2	0	1-2	258	205	contained_bounded	50519	unique	Rhodococcus wratislaviensis	No genome-scale metabolic model is currently available for the satellite strain Rhodococcus opacus DSM 43205. Instead, a genome-scale metabolic model i GR1773 has been reconstructed for the related strain R. opacus PD630, which is known for its potential in triacylglyceride production [ 113 ].	triacylglyceride production	triacylglyceride production	r. opacus pd630	r. opacus pd630
1456089606230033	PMC5703890.1	pmc_candidate_99236aa43eee3a	150	181	PHENOTYPE	0.9689325392246246		0					unmatched	6	PMC5703890	STRAIN-PHENOTYPE:PRESENTS	107	high_unresolved	0.9995939135551453	0.9945088624954224	6	2	0	1-2	142	161	contained_bounded	9373	unique	Staphylococcus aureus subsp. aureus	We first examined the expression profiles of various Aacecs in adult Ae. aegypti after challenge with the Gram (−) bacterium E. coli BL21 and Gram (+) bacterium S. aureus CCRC 15211. As shown in Fig. 1a , among the ten Aacecs expressed in Ae. aegypti , the mRNA levels of six Aacecs (Aacec A, D, E, F, G and N) were significantly induced after injection with bacteria.	gram (+)	gram (+)	s. aureus ccrc 15211	s. aureus ccrc 15211
25734741782932582	PMC8657684.1	pmc_candidate_6a3b9b6bf1a412	130	104	PHENOTYPE	0.9305771589279175		0					unmatched	42	PMC8657684	STRAIN-PHENOTYPE:PROMOTES	108	high_unresolved	0.9988190531730652	0.9964781999588013	3	2	0	1	114	84	contained_bounded	403136	unique	Mycobacterium kyogaense	Interestingly, while it could be shown that the non-invasive i.g. administration of M. vaccae NCTC 11659 promotes immunoregulation via an increased secretion of the typical Treg cytokine IL-10 from mesLNC and splenocytes [ 75 ], repeated administration of M. vaccae NCTC 11659 (100 μg in BBS) via the i.n. route does not affect spleen and mesLN Treg counts in a model of chronic psychosocial stress (Reber et al., unpublished data).	immunoregulation	immunoregulation	m. vaccae nctc 11659	m. vaccae nctc 11659
91698481489945737	PMC7820406.1	pmc_candidate_69ee3c518aefbd	386	176	PHENOTYPE	0.9202097356319427		0					unmatched	22	PMC7820406	STRAIN-PHENOTYPE:PROMOTES	109	high_unresolved	0.9431384205818176	0.9754880666732788	7	1	0	5-7	366	170	exact	129006	unique	Bradyrhizobium japonicum	One gene homologous to cytokinin hydroxylase ( CYP735A ), annotated in the BP oxidation–reduction process (Fig. 6 c; Supplementary Table 2 ), was also upregulated during USDA61 infection. The CYP735A gene converts isopentenyl adenine (iP) into trans-zeatin (tZ) nucleotides in the cytokinin synthesis pathway 42 . The positive role of sufficient cytokinin levels in nodule organogenesis of soybean has been well documented 43 , 44 .	nodule organogenesis	nodule organogenesis	usda61	usda61
123026131004665667	PMC11700551.1	pmc_candidate_7da39a7d4672d8	349	107	PHENOTYPE	0.9683690667152405		0					unmatched	25	PMC11700551	STRAIN-PHENOTYPE:PROMOTES	110	high_unresolved	0.9971827268600464	0.9934439659118652	8	8	0	4-5	325	103	exact	39654	unique	Escherichia coli	Moreover, the correlations between bacteria and SCFAs demonstrated the mechanism via which the MSM and BB12 increased Bifidobacterium and Prevotella abundance and promoted acetic acid and butyric acid production, respectively. Similarly, the mechanism via which the MSM and ST9618 increased Prevotella abundance and promoted succinic acid production was revealed.	succinic acid production	succinic acid production	bb12	bb12
108587719923275409	PMC12196151.1	pmc_candidate_1e6b63a8a96d5f	229	58	SPECIES	0.9467931091785431		0					unsupported	67	PMC12196151	STRAIN-SPECIES:INHIBITS	111	high_unresolved	0.9857043027877808	0.985935389995575	5	4	0	6	206	32	contained_bounded	43120	unique	Pseudomonas aeruginosa	The fermentation supernatant of Enterococcus faecium AB157 exhibited notable antibacterial activity, producing inhibition zones of 13.52 ± 0.16 mm against Pseudomonas aeruginosa and 11.14 ± 0.09 mm against Vibrio parahaemolyticus , while no inhibition was observed against Staphylococcus aureus [ 86 ].	vibrio parahaemolyticus	vibrio parahaemolyticus	enterococcus faecium ab157	enterococcus faecium ab157
146737352703962164	PMC6705864.1	pmc_candidate_e73ad7fdf32045	227	37	SPECIES	0.9328217506408691		0					unsupported	34	PMC6705864	STRAIN-SPECIES:INHIBITS	112	high_unresolved	0.9984452128410339	0.9876264929771423	8	3	0	1	215	33	exact	128227	unique	Paraburkholderia phytofirmans	In summary, we found that strain PsJN induces a rapid and specific molecular response that is strongly related to jasmonate, ethylene, salicylic acid and ROS signaling pathways and that supports plant resistance to P . syringae .	p . syringae	p . syringae	psjn	psjn
154127886411250675	PMC9890051.1	pmc_candidate_b3dd9942744184	76	13	SPECIES	0.9290062487125397		0					unsupported	4	PMC9890051	STRAIN-SPECIES:INHIBITS	113	high_unresolved	0.9995025396347046	0.9764291644096375	2	1	0	9	68	6	exact	44198	unique	Mycobacterium avium	Thus, MAC 101 can be considered as a standard strain to investigate M. avium infection studies.	m. avium	m. avium	mac 101	mac 101
6960543013969329	PMC12223301.1	pmc_candidate_908ea4d344ce6d	83	335	COMPOUND	0.995797872543335	CHEBI	1	CHEBI:759884	gentamicin	1.0	direct_exact	matched	39	PMC12223301	COMPOUND-STRAIN:INHIBITS	114	relation_boundary	0.5056760311126709	0.9957774877548218	10	1	0	2-5	73	302	contained_bounded	2251	unique	Enterococcus faecalis	The following antimicrobial agents were tested: oxacillin, erythromycin, gentamicin, ciprofloxacin, rifampicin, linezolid and vancomycin. Antimicrobial salts were acquired from Sigma‒Aldrich (Sigma‒Aldrich, St. Louis, USA). Quality control was performed via the standard strains S. aureus ATCC 29,213, Enterococcus faecalis ATCC 29,212, and Escherichia coli 25,922.	gentamicin	gentamicin	enterococcus faecalis atcc 29,212	enterococcus faecalis atcc 29,212
9744331736247487	PMC10642196.1	pmc_candidate_8b866b66099e19	247	47	COMPOUND	0.9411079287528992		0					unmatched	16	PMC10642196	COMPOUND-STRAIN:INHIBITS	115	relation_boundary	0.6081432700157166	0.9572692811489105	8	7	0	3-5	245	37	exact	2805	unique	Escherichia coli	The MIC value of UA against E. coli (ATCC 25922), K. pneumoniae (ATCC10031), and Shigella flexella (ATCC12022) was 64 μg/mL. However, the MIC of UA against these bacteria was significantly reduced by modification of C-3 (hydroxyl) in UA to form UA ester analogs. Hence, the modified UA derivatives showed markedly increased antibacterial effects ( 51 ).	ua	ua	atcc 25922	atcc 25922
20825348227517652	PMC8231229.1	pmc_candidate_32c10dd685451a	85	388	COMPOUND	0.988669753074646	CHEBI	1	CHEBI:37943	colistin	1.0	direct_exact	matched	28	PMC8231229	COMPOUND-STRAIN:INHIBITS	116	relation_boundary	0.5804115533828735	0.9964105784893036	14	16	0	1-2	77	370	contained_bounded	2805	unique	Escherichia coli	The fractional inhibitory concentration (FIC) of TMP-SMX in combination with colistin was determined by the checkerboard method in four clinical bacterial strains: E. coli 220560529, P. aeruginosa SJD 536, P. aeruginosa SJD 481 (all three TMP resistant), and P. aeruginosa VH023. In addition, the FICs of colistin with TMP, 1a and 1b , and SMX (1:20) were determined in E. coli ATCC 25922, P. aeruginosa PAO1, and S. marcescens NIMA.	colistin	colistin	e. coli atcc 25922	e. coli atcc 25922
18811368902126795	PMC3991920.1	pmc_candidate_bc4d3c3a798cde	270	162	COMPOUND	0.9791198372840881	CHEBI	1	CHEBI:18222	xylose	1.0	direct_exact	matched	4	PMC3991920	STRAIN-COMPOUND:DEGRADES	117	relation_boundary	0.5811842679977417	0.9818652272224426	3	2	0	1-2	264	143	contained_bounded	90379	unique	Kluyveromyces marxianus	In the present study both oxygen supply and temperature were shown to be key parameters affecting the fermentation capability of sugars in the K. marxianus CBS712 strain. In particular, a direct correlation was observed between the decreased efficiency to consume xylose with the reduced specific activity of the two main enzymes ( Km XR and Km XDH) involved in its catabolism.	xylose	xylose	k. marxianus cbs712	k. marxianus cbs712
38489939119331868	PMC7198800.1	pmc_candidate_9a634c8d81e52e	110	272	COMPOUND	0.9804614782333374	CHEBI	1	CHEBI:25094	lysine	1.0	direct_exact	matched	24	PMC7198800	STRAIN-COMPOUND:DEGRADES	118	relation_boundary	0.642909049987793	0.9822646379470825	9	2	0	3-4	104	251	contained_bounded	404848	unique	Rhizobium	By matching the specific enzymes that were up-regulated by lysine nutrition onto metabolic pathways for lysine degradation, the proteomic data indicate that lysine degradation in Pseudomonas sp. Root9 proceeds via the δ-aminovalerate pathway, whereas Rhizobium sp. Root491 utilizes the saccharopine pathway. Two other nitrogen sources that elicit divergent proteomic responses between the strains are serine and urea.	lysine	lysine	rhizobium sp. root491	rhizobium sp. root491
72864323136245646	PMC8631079.1	pmc_candidate_90a3990f169cc8	181	96	COMPOUND	0.9622784852981567	CHEBI	1	CHEBI:37166	xylan	1.0	direct_exact	matched	76	PMC8631079	STRAIN-COMPOUND:DEGRADES	119	relation_boundary	0.5197650790214539	0.9960529506206512	2	1	0	6	176	78	contained_bounded	308623	unique	Prevotella copri	This synergistic and specific interaction of the three described enzymes from P. copri DSM 18205 might imply a competitive advantage developed by this microorganism to utilize xylan fraction of diary fibers in the complex environment of the mammalian gut.	xylan	xylan	p. copri dsm 18205	p. copri dsm 18205
9936716835105252	PMC12804128.1	pmc_candidate_0248c18244d641	123	300	COMPOUND	0.9483579397201538	CHEBI	1	CHEBI:222544	Azinothricin	1.0	direct_exact	matched	35	PMC12804128	STRAIN-COMPOUND:PRODUCES	120	relation_boundary	0.5395898222923279	0.9923529922962189	3	1	0	4-5	111	270	contained_bounded	45638	unique	Streptomyces resistomycificus	These genetic differences are predicted to encode structurally diverse metabolites, potentially giving rise to azinothricin derivatives featuring glycosyl modifications, variations in the hexapeptide backbone, or an extended polyketide chain. For instance, the BGC from S . resistomycificus NRRL 2290 contains only five NRPS modules, one fewer than the typical six-module assembly found in most azinothricin-type pathways.	azinothricin	azinothricin	s . resistomycificus nrrl 2290	s . resistomycificus nrrl 2290
17431821915121008	PMC7256688.1	pmc_candidate_f1e10a6581f209	282	226	COMPOUND	0.9907773733139038		2				direct_exact	ambiguous	8	PMC7256688	STRAIN-COMPOUND:PRODUCES	121	relation_boundary	0.6004812717437744	0.9884612262248993	11	5	0	8-9	272	216	exact	41402	unique	Staphylococcus epidermidis	According to the comparison of non-biofilm forming S. epidermidis ATCC 12228 and biofilm-forming ATCC 35984, Solis et al . (2016) showed that the sulfate assimilation and cysteine/methionine biosynthesis pathways in ATCC 35984 contained elevated levels (~25% increase) of methionine that were likely linked to biofilm formation.	methionine	methionine	atcc 35984	atcc 35984
24124404649872189	PMC9483215.1	pmc_candidate_5cdb5abe21746e	353	62	COMPOUND	0.9424176216125488	CHEBI	1	CHEBI:72813	exopolysaccharide	1.0	direct_exact	matched	24	PMC9483215	STRAIN-COMPOUND:PRODUCES	122	relation_boundary	0.6374822854995728	0.9968545436859131	6	3	0	4-6	334	42	contained_bounded	243409	unique	Flammula alnicola	From scanning electron microphotograph of S. pavanii DRC-18-7B, it is clear that strain S. pavanii DRC-18-7B is a better root colonizer ( Figure 2B ). S. pavanii DRC-18-7B population was spread on the entire root by forming micro-aggregates, and sometime, single-single cells are visible. In contrast, it is not producing too much of exo-polysaccharides as compared to S. maltophilia DRC-18-7A ( Figure 2B ).	exo-polysaccharides	exopolysaccharide	s. pavanii drc-18-7b	s. pavanii drc-18-7b
37077968385937983	PMC10269603.1	pmc_candidate_8a1c6f65887663	323	50	COMPOUND	0.9775121212005615		0					unmatched	19	PMC10269603	STRAIN-COMPOUND:RESISTS	123	relation_boundary	0.6494674682617188	0.996482789516449	4	3	0	3-4	320	25	contained_bounded	44033	unique	Klebsiella pneumoniae subsp. pneumoniae	Though the MIC values of K. pneumoniae ATCC 700603 and KPWANG in the combinational group had some degree of increase by multistep resistance selection, there was still no drug resistance that emerged in short-term treatment (within 10 passages) ( Fig. 2A ). These results suggest that 9-AA suppressed the development of RIF resistance.	rif	rif	k. pneumoniae atcc 700603	k. pneumoniae atcc 700603
53869051919302748	PMC12211053.1	pmc_candidate_77d610742847c9	145	386	COMPOUND	0.9686682820320129	CHEBI	1	CHEBI:25106	macrolide	0.99	direct_exact	matched	24	PMC12211053	STRAIN-COMPOUND:RESISTS	124	relation_boundary	0.6255810856819153	0.9957228004932404	5	2	0	3-5	135	361	contained_bounded	44079	unique	Mycobacterium peregrinum	Inoculated 96-well plates were incubated at 30 ± 0.5°C under ambient air for 3‒5 days until visible turbidity was observed, except for macrolides (clarithromycin and azithromycin), which required 14 days of incubation to confirm the presence of inducible resistance ( 38 ). Each antimicrobial agent was tested in triplicate. Quality control was performed using M. peregrinum ATCC 700686 and Staphylococcus aureus ATCC 29213.	macrolides	macrolides	m. peregrinum atcc 700686	m. peregrinum atcc 700686
62734355095263775	PMC5880185.1	pmc_candidate_cef8e345aa0f06	328	392	COMPOUND	0.9951194524765015	CHEBI	1	CHEBI:471744	imipenem	1.0	direct_exact	matched	39	PMC5880185	STRAIN-COMPOUND:RESISTS	125	relation_boundary	0.6253415942192078	0.9740554094314575	14	1	0	1-2	320	383	exact	13527	unique	Acinetobacter baumannii	It has been reported that imipenem is a potent inducer of multidrug resistance in A. baumannii. Kuo et al investigated the progression of multidrug resistance upon exposure to imipenem in A. baumannii strains and found over fourfold increase of MICs to amikacin, cefatazidime, ceftriaxone, ciprofloxacin, meropenem, and imipenem in two A. baumannii reference strains (ATCC 19606 and ATCC17978).	imipenem	imipenem	atcc17978	atcc17978
8232268943689252	PMC7114091.1	pmc_candidate_d39db0d70ba0eb	120	15	DISEASE	0.9081298112869263		0					unmatched	18	PMC7114091	STRAIN-DISEASE:ASSOCIATED_WITH	126	relation_boundary	0.5442715883255005	0.9911096394062042	5	1	0	1-2	101	0	contained_bounded	362271	unique	Paraliobacillus ryukyuensis	E. coli O157:H7 is considered to be a serious human pathogen and is associated with bloody diarrhea (hemorrhagic colitis) and hemolytic uremic syndrome (HUS). Current methods of detection of E. coli in food and water focus on enrichment and microbial culture [49] , which may take 24–48 h to identify the organism.	hemorrhagic colitis	hemorrhagic colitis	e. coli o157:h7	e. coli o157:h7
22684098161472944	PMC4260519.1	pmc_candidate_0d0a81de4a8642	439	141	DISEASE	0.9524062871932983	MONDO	1	MONDO:0005619	typhoid fever	1.0	direct_exact	matched	47	PMC4260519	STRAIN-DISEASE:ASSOCIATED_WITH	127	relation_boundary	0.6029678583145142	0.9575203359127045	12	5	0	1-4	426	131	exact	2805	unique	Escherichia coli	We also tested the antibacterial activity of nBD3 on other strains of bacteria. We chose the following bacterial strains: E. coli (ATCC 25922); a pathogenic recommended and widely used gram-negative bacterium for antibiotic susceptibility assays. Staphylococcus aureus (ATCC 6538), which are pathogens of humans and other mammals. Salmonella typhimurium (ATCC 14028), a gram-negative bacterium causing systemic infections and typhoid fever in humans.	typhoid fever	typhoid fever	atcc 25922	atcc 25922
44582707301857667	PMC3090145.1	pmc_candidate_75fd737da658d4	247	16	DISEASE	0.9168072938919067		0					unmatched	5	PMC3090145	STRAIN-DISEASE:ASSOCIATED_WITH	128	relation_boundary	0.6475475430488586	0.9963887929916382	6	3	0	1-6	236	0	contained_bounded	361792	unique	Bacteroides fragilis	B. fragilis 638R (isolated from an abdominal abscess), kindly gifted by C. J. Smith, East Carolina University, USA, was derived from a culture supplied to him by M. Sebald (Institut Pasteur, Paris, France) in 1983. B. fragilis YCH46, a bacteraemia isolate from Yamaguchi Prefecture (Japan), was kindly gifted by T. Kuwahara, University of Tokushima (Japan).	bacteraemia	bacteremia	b. fragilis 638r	b. fragilis 638r
383263425164259092	PMC10100852.1	pmc_candidate_90003b0a8e5097	81	179	DISEASE	0.9187309741973877		0					unmatched	10	PMC10100852	STRAIN-DISEASE:INHIBITS	129	relation_boundary	0.5323035717010498	0.9956881701946259	8	4	0	3-5	67	164	contained_bounded	39955	unique	Cellulomonas	We investigated the biocontrol efficacy of B. cereus AR156 against bacterial wilt on two wild tomato varieties (MM and CM) in a greenhouse. The results showed that B. cereus AR156 could reduce the disease severity of two tomato varieties and significantly improve the resistance of plants to bacterial wilt ( Fig. 1A ). Seven days after inoculation with R. solanacearum GMI1000, the titers of bacteria in the roots of the plants were detected.	bacterial wilt	bacterial wilt	b. cereus ar156	b. cereus ar156
1091225316388833456	PMC13265760.1	pmc_candidate_050af93ac8605c	53	281	DISEASE	0.9097965359687805	MONDO	1	MONDO:0005265	inflammatory bowel disease	0.99	direct_exact	matched	16	PMC13265760	STRAIN-DISEASE:INHIBITS	130	relation_boundary	0.5217757821083069	0.9780862331390381	4	1	0	1	50	270	exact	399843	unique	Christensenella intestinihominis	Building upon the observed microbial dysbiosis in IBD patients—particularly the significant enrichment of beneficial species such as Christensenella intestinihominis in the healthy control (HC) group (Fig. 1D, E ), which was markedly depleted in UC patients—we selected AF73-05CM02 for therapeutic evaluation in a dextran sulfate sodium (DSS)-induced colitis model 33 .	ibd	ibd	af73-05cm02	af73-05cm02
1095155039718025707	PMC6396886.1	pmc_candidate_75ac1aec1a913a	199	121	DISEASE	0.9228026270866394		0					unmatched	14	PMC6396886	STRAIN-DISEASE:INHIBITS	131	relation_boundary	0.5617257356643677	0.9927364587783813	5	1	0	1-3	186	117	exact	413098	unique	Bacillus cereus	The bacterial cells and the culture media containing bioactive compounds produced by the selected bacterial isolates LE24, PO80 and LE109 were investigated regarding their inhibition of citrus canker on grafted lime plants in a greenhouse. The bacterial cells were separated from the optimum culture media by centrifugation at 8,000 rpm for 10 min. Each treatment was performed with five lime plants on four leaves per plant.	citrus canker	citrus canker	le24	le24
549554113002542	PMC12269820.1	pmc_candidate_17b5d504da74cc	264	232	MEDIUM	0.9760618805885315		0					unmatched	33	PMC12269820	STRAIN-MEDIUM:GROWS_ON	132	relation_boundary	0.6615949869155884	0.9563183188438416	10	3	0	1	244	222	exact	2805	unique	Escherichia coli	The antibacterial activity of selected isolated compounds was assessed against two Staphylococcus aureus strains, including a MRSA strain (NCTC 13277) and a biofilm-forming strain (ATCC 6538), as well as Escherichia coli (ATCC 25922) using the Mueller-Hinton broth (MHB) microdilution method, as previously described by Maharjan et al. (2022).	mueller-hinton broth	mueller-hinton broth	atcc 25922	atcc 25922
4073877702202047	PMC3548652.1	pmc_candidate_d1c1c2e5c9bd5e	233	188	MEDIUM	0.9600834548473358	MEDIADIVE	1	MEDIADIVE:J70	BLOOD AGAR	1.0	direct_exact	matched	9	PMC3548652	STRAIN-MEDIUM:GROWS_ON	133	relation_boundary	0.5620713233947754	0.9493390917778015	9	1	0	1-2	223	164	contained_bounded	40424	unique	Porphyromonas gingivalis	Standard reference strains of S. oralis CECT 907T, V. parvula NCTC 11810, A. naeslundii ATCC 19039, F. nucleatum DMSZ 20482, A. actinomycetemcomitans DSMZ 8324 and P. gingivalis ATCC 33277 were used. Bacteria were grown on blood agar plates (Blood Agar Oxoid No 2; Oxoid, Basingstoke, UK), supplemented with 5% (v/v) sterile horse blood (Oxoid), 5.0 mg/mL hemin (Sigma, St.	blood agar	blood agar	p. gingivalis atcc 33277	p. gingivalis atcc 33277
7783272577181622	PMC6100582.1	pmc_candidate_df72c2ac782a2a	234	182	MEDIUM	0.9651350975036621		0					unmatched	35	PMC6100582	STRAIN-MEDIUM:GROWS_ON	134	relation_boundary	0.622466504573822	0.9948936402797699	5	1	0	1-2	219	161	contained_bounded	44426	unique	Mycobacterium kansasii	The evaluation of the in vitro antimycobacterial activity of the compounds was additionally performed against M. smegmatis ATCC 700084, M. marinum CAMP 5644 and M. kansasii DSM 44162. The broth dilution micro-method in Middlebrook 7H9 medium (Difco, Lawrence, KS, USA) supplemented with ADC Enrichment (Becton, Dickinson and Comp.) was used to determine MIC as previously described [ 37 ].	middlebrook 7h9	middlebrook 7h9	m. kansasii dsm 44162	m. kansasii dsm 44162
38890997777310	PMC6273728.1	pmc_candidate_0dc811a8d53d45	19	85	ORGANISM	0.9785591661930084		0					unsupported	8	PMC6273728	STRAIN-ORGANISM:INFECTS	135	relation_boundary	0.532880961894989	0.9814639091491699	2	1	0	1-2	9	62	contained_bounded	444	unique	Rhizobium rhizogenes	Only the Pinot Noir leaves and stem explants transformed with R. rhizogenes ATCC15834 by immersion in the bacterial suspension or by wounding with an infected scalpel yielded a particularly large amount of transformed roots. Over the 200 explants tested, several hundreds of roots developed after two weeks, mostly along the petioles and leaf veins.	pinot noir	pinot noir	r. rhizogenes atcc15834	r. rhizogenes atcc15834
14343412532123232	PMC6372524.1	pmc_candidate_f2a88f034b9db2	244	65	ORGANISM	0.9863855242729187		0					unsupported	32	PMC6372524	STRAIN-ORGANISM:INFECTS	136	relation_boundary	0.6294116377830505	0.9810155630111694	6	3	0	3-4	235	57	exact	397420	unique	Edwardsiella anguillarum	However, unlike the Chinese E. anguillarum type strain ( ET080813 ), the Greek and the Israeli strains are non-motile possibly due to a 36 nt long deletion in the flagellar biosynthetic protein gene (flhB). In vivo infection trials in zebrafish along with in silico analysis of the bacterial genomes demonstrated that E. anguillarum strain EA011113 is a highly virulent strain that needs to be considered among causative agents of edwardsiellosis.	zebrafish	zebrafish	et080813	et080813
30249819968974003	PMC7849909.2	pmc_candidate_f84a5119e790ac	51	10	ORGANISM	0.9920236766338348		0					unsupported	48	PMC7849909	STRAIN-ORGANISM:INFECTS	137	relation_boundary	0.6444628238677979	0.9845446348190308	4	1	0	6-7	38	6	exact	377109	unique	Yersinia entomophaga	Also, MH96 is highly virulent against G. mellonella during intrahemocoelic infection but the LD 50 of a Yen-TC deficient strain (ΔTC) was comparable to that of wild type (∼3 cells). It was also found that both wild type and ΔTC had the same ability to reduce the phenoloxidase activity of G. mellonella hemolymph 24 hpi, findings that suggest the presence of additional hemocytic VFs during intrahemocoelic infection by MH96 ( Hurst et al. 2015 ).	g. mellonella	g. mellonella	mh96	mh96
256267572817581233	PMC8600237.1	pmc_candidate_ca183ef1bc5a68	55	253	ORGANISM	0.9801542460918427		0					unsupported	9	PMC8600237	STRAIN-ORGANISM:INHIBITS	138	relation_boundary	0.5980774760246277	0.9294536411762238	9	3	0	1-2	48	243	exact	152500	unique	Curvularia fallax	Based on its strong antifungal activity against Foc TR4, strain SCA2-4 T was selected as a target strain to determine antifungal activity against other fungi including F. oxysporum f. sp. cubense Race 1 (Foc 1; ACCC 31271), Curvularia fallax (ATCC 38579), and Curvularia lunata (ACCC 36365). These fungi were kindly provided by the Institute of Environment and Plant Protection, China Academy of Tropical Agricultural Sciences, Haikou, China.	foc tr4	foc tr4	atcc 38579	atcc 38579
347078653539476517	PMC13101495.1	pmc_candidate_20f0170a0c3d7a	274	260	ORGANISM	0.9686640799045563		0					unsupported	10	PMC13101495	STRAIN-ORGANISM:INHIBITS	139	relation_boundary	0.5078728795051575	0.9395474791526794	8	3	0	5-7	265	253	contained_bounded	397170	unique	Antrihabitans stalagmiti	Le YC36 produces two major antifungal substances, HSAF and GluB ( 42 ). The experimental results demonstrated that lovastatin does not directly regulate the synthesis of HSAF and GluB, and we also found that it exerts no effect on the survival rates of Le YC36 and C. krusei ( Fig. S5 ). This thus excludes the potential confounding effects of the drug itself on subsequent co-culture experiments.	c. krusei	c. krusei	le yc36	le yc36
350916482126878923	PMC9910192.1	pmc_candidate_148bb32eb09e0f	232	72	ORGANISM	0.9914939403533936		0					unsupported	44	PMC9910192	STRAIN-ORGANISM:INHIBITS	140	relation_boundary	0.5253688097000122	0.9858641028404236	10	1	0	5	220	57	contained_bounded	97720	unique	Saccharothrix algeriensis	Dithiolopyrrolones produced by actinobacteria other than SA NRRL B-24137, such as Streptomyces , also exhibited antifungal activities towards filamentous fungi including Botrytis , Fusarium , Aspergillus , Rhizoctonia , Phytophthora , Verticillium , Penicillium and Trichoderma ( Chen, Dunphy & Webster, 1994 ; Khamna et al., 2009b ).	phytophthora	phytophthora	sa nrrl b-24137	sa nrrl b-24137
10892015477506517	PMC3788101.1	pmc_candidate_57329498ac6c23	105	14	ORGANISM	0.9895291924476624		0					unsupported	2	PMC3788101	STRAIN-ORGANISM:SYMBIONT_OF	141	relation_boundary	0.5053709149360657	0.9903208613395691	6	1	0	7-8	98	9	exact	43189	unique	Ensifer fredii	However, HH103 greA and lps mutants were also able to induce the formation of a reduced number of soybean nodules of normal external morphology, allowing the possibility of studying the importance of bacterial LPS in later stages of the S. fredii HH103-soybean symbiosis. The infected cells of these nodules showed signs of early termination of symbiosis and lytical clearance of bacteroids.	soybean	soybean	hh103	hh103
14712577418308218	PMC8987779.1	pmc_candidate_68e56fdc205df7	193	263	ORGANISM	0.985103189945221		0					unsupported	29	PMC8987779	STRAIN-ORGANISM:SYMBIONT_OF	142	relation_boundary	0.57004714012146	0.9822271466255188	7	6	0	4-5	187	259	exact	372122	unique	Lysinibacillus sphaericus	The bacteria triggered multiple signaling pathways that regulated growth and stress tolerance mechanisms, which in turn is a result of beneficial plant-microbe interaction. Nevertheless, plants co-inoculated with Bradyrhizobium japonicum 532C and the strains SL42 and SL48 exhibited higher growth-promoting and stress-alleviating mechanisms, suggesting compatible co-inoculation between the symbiont and the rhizobacteria.	plants	plants	sl42	sl42
48868046726346207	PMC12822069.1	pmc_candidate_0a797e3659c265	64	128	PHENOTYPE	0.9134272038936615		0					unmatched	60	PMC12822069	STRAIN-PHENOTYPE:PRESENTS	143	relation_boundary	0.5378303527832031	0.9698227345943451	7	5	0	1-3	44	113	contained_bounded	362271	unique	Paraliobacillus ryukyuensis	The result this investigation revealed that multidrug resistance was widespread in Salmonella and very common in E. coli O157:H7 , with concerning serotype-specific resistance patterns: S. Enteritidis and S. Typhimurium exhibited complete resistance to ampicillin and high levels of reduced susceptibility to β-lactams, sulfonamides, tetracyclines, and fluoroquinolones.	multidrug resistance	multidrug resistance	e. coli o157:h7	e. coli o157:h7
68312579687415865	PMC3446292.1	pmc_candidate_1eeb7359a6fda3	239	284	PHENOTYPE	0.9872968196868896		0					unmatched	20	PMC3446292	STRAIN-PHENOTYPE:PRESENTS	144	relation_boundary	0.6546187996864319	0.9188616573810577	6	4	0	1-3	225	279	exact	414822	unique	Clavibacter michiganensis	Five expanded protein families are putatively involved in polysaccharide and cell wall metabolism (Table S6 in Additional file 2 ). The production of exopolysaccharides and antifreeze glycoproteins plays an important role in cryoprotection of cold-adapted microorganisms [ 21 ]. C-169 encodes 22 putative glycosyl hydrolase proteins belonging to the cellulase family and 9 proteins that match the PFAM glycosyl hydrolase type-9 motif.	cryoprotection	cryoprotection	c-169	c-169
83888409297528178	PMC7962405.1	pmc_candidate_7638333e015560	82	280	PHENOTYPE	0.995428055524826	OMP	1	OMP:0000188	gram positive	0.98	direct_normalized	matched	26	PMC7962405	STRAIN-PHENOTYPE:PRESENTS	145	relation_boundary	0.5025634765625	0.9303557872772217	7	2	0	1-2	69	271	exact	125614	unique	Staphylococcus aureus subsp. aureus	Antibacterial activity of ZnGC complex was tested against S. aureus (Gram-positive bacteria) and E. coli (Gram-negative bacteria) using agar well diffusion method [ 28 ]. Microbial strains of Escherichia coli ( E. coli , ATCC8899) and Staphylococcus aureus ( S. aureus , ATCC25923) were obtained from School of Life Sciences, Henan University.	gram-positive	gram-positive	atcc25923	atcc25923
4138838389467504	PMC10031481.1	pmc_candidate_29d762755dd97c	283	107	PHENOTYPE	0.9384408593177795		0					unmatched	28	PMC10031481	STRAIN-PHENOTYPE:PROMOTES	146	relation_boundary	0.5080559253692627	0.9813195466995239	8	7	0	3-4	270	103	exact	43240	unique	Alicyclobacillus disulfidooxidans	This is consistent with the findings of our previous study in which three probiotic strains (SD7, SD4, SD11) had high levels of adhesion to H357 and Caco-2 cells; this correlated to the hydrophobicity of individual strains. 22 These strains also provided high levels of anti-adhesion and co-aggregation for H. pylori strains.	anti-adhesion	anti-adhesion	sd11	sd11
205135071243909358	PMC5293795.1	pmc_candidate_3f64c670b6fe01	211	175	PHENOTYPE	0.9154881238937378		0					unmatched	6	PMC5293795	STRAIN-PHENOTYPE:PROMOTES	147	relation_boundary	0.5983121991157532	0.9868568181991577	7	1	0	1-2	198	154	contained_bounded	91349	unique	Bacillus	The PGPR which increases the efficiency of the Rhizobium species in one legume does not necessarily do the same in other legumes. For example, the strain Bacillus sp. CECT 450 although it increased nodulation in common bean when co-inoculated with Rhizobium tropici CIAT 899, it reduced nodulation in soybean when co-inoculated with Bradyrhizobium japonicum USDA 110 strain ( Camacho et al., 2001 ).	nodulation in	nodulation in	bacillus sp. cect 450	bacillus sp. cect 450
877843087688876176	PMC9304150.1	pmc_candidate_eaab29f26f4728	48	130	PHENOTYPE	0.9021062552928925		0					unmatched	43	PMC9304150	STRAIN-PHENOTYPE:PROMOTES	148	relation_boundary	0.5671576857566833	0.9043833613395691	6	2	0	7-8	34	125	exact	63472	unique	Trichophyton mentagrophytes	The beneficial index, that is the salt promotion ability exerted by SA187, was calculated as the ratio between fresh weight ‐SA187 and ‐mock inoculated seedlings and was expressed in percentage in the same genetic background. Operatively, it was calculated on the average value of the fresh weight (SA187 and mock‐treated plants) obtained in each biological replicate.	salt promotion	salt promotion	sa187	sa187
103532745484817161	PMC5511825.1	pmc_candidate_4cde432284de0d	172	136	SPECIES	0.920184850692749		0					unsupported	45	PMC5511825	STRAIN-SPECIES:INHIBITS	149	relation_boundary	0.6226887702941895	0.9834295511245728	2	1	0	3	153	121	contained_bounded	362271	unique	Paraliobacillus ryukyuensis	Similarly, Friedman et al. ( 2017 ) reported that plant extracts rich in phytochemicals had inhibitory potential against E. coli O157:H7 but not against Salmonella enterica in an essential oil/wine mixture, suggesting some synergistic effects of the phytochemicals present in plant extracts, components of added essential oils or natively present in the food wine (Rota et al., 2008 ).	salmonella enterica	salmonella enterica	e. coli o157:h7	e. coli o157:h7
118259051352004708	PMC11199515.1	pmc_candidate_155c130a632909	237	308	SPECIES	0.9602205455303192		0					unsupported	18	PMC11199515	STRAIN-SPECIES:INHIBITS	150	relation_boundary	0.6298884153366089	0.9914471805095673	5	1	0	5-6	224	289	contained_bounded	34816	unique	Cutibacterium acnes	P. aeruginosa has a remarkable carbon source plasticity and can readily switch between carbon sources with limited effect on growth, explaining why co-culture with C. acnes , depleting the media of glucose, has no impact on P. aeruginosa growth 59 . Furthermore, the therapeutic effect of C. acnes CCUG 38584 was reversed upon topical supplementation of the wound with glucose (Fig. 4B ).	p. aeruginosa	p. aeruginosa	c. acnes ccug 38584	c. acnes ccug 38584
184117750054053182	PMC7821776.1	pmc_candidate_3f45a4e470b952	78	260	SPECIES	0.964954286813736		0					unsupported	9	PMC7821776	STRAIN-SPECIES:INHIBITS	151	relation_boundary	0.5269514322280884	0.9864360988140106	11	1	0	8-9	62	245	contained_bounded	362271	unique	Paraliobacillus ryukyuensis	Reuterin and nisin in combination act synergistically against L. monocytogenes and additively against S. aureus in milk ( 26 ). Reuterin, alone or in combination with nisin and lactoperoxidase system (LPS), exhibited inhibitory activity against E. coli O157:H7, S. enterica , C. jejuni , A. hydrophila and Y. enterocolitica in refrigerated milk.	l. monocytogenes	l. monocytogenes	e. coli o157:h7	e. coli o157:h7
